ingredient_name,Zn,Na,Se,Potassium(K),Phosphorus(P),Manganese(Mn),Magnesium(Mg),Iron(Fe),Fluoride(F),Copper(Cu),Calcium(Ca),VitaminK,VitaminE,VitaminD,VitaminC,VitaminB6,VitaminB12,VitaminA,Thiamin(B1),Ribofavin(B2),PantothenicAcid(B5),Niacin(B3),Cholines,SaturatedFattyacid,TransFattyacid,Alcohol(ethyl),Fiber(F),Carb,Fats,Calories,Sugars,Cholestrols,Caffeines,Water(H2O),Ashes,Proteins,PurchaseCost,PurchaseAmt,Price/Unit,persian_name
Adzuki Beans,5.04,5.0,3.1,1254.0,381.0,1.73,127.0,4.98,0.0,1.094,66.0,0.0,0.0,0.0,0.0,351.0,0.0,17.0,455.0,220.0,1.471,2.63,60.0,191.0,0.0,0.0,12.7,62.9,0.53,329.0,1.5,76.0,0.0,13.44,3.26,19.87,40000,1000,40,لوبیا آدوکی
Alcoholic.All(Vodka.…).Proof 100,0.04,1.0,0.0,2.0,4.0,18.0,0.0,0.04,0.0,21.0,0.0,0.0,0.0,0.0,0.0,1.0,0.0,0.0,6.0,4.0,0.0,13.0,0.0,0.0,0.0,42.5,0.0,0.0,0.0,295.0,0.0,0.0,0.0,57.5,0.01,0.0,2000000,1000,2000,الکلی.همه(ودکا...).اثبات 100
Alcoholic.All(Vodka.…).Proof 80,0.04,1.0,0.0,2.0,4.0,18.0,0.0,0.04,0.0,21.0,0.0,0.0,0.0,0.0,0.0,1.0,0.0,0.0,6.0,4.0,0.0,13.0,0.0,0.0,0.0,33.4,0.0,0.0,0.0,231.0,0.0,0.0,0.0,66.6,0.01,0.0,2000000,1000,2000,الکلی.همه(ودکا...).اثبات 80
Alcoholic.All(Vodka.…).Proof 86,0.04,1.0,0.0,2.0,4.0,18.0,0.0,0.04,0.0,21.0,0.0,0.0,0.0,0.0,0.0,1.0,0.0,0.0,6.0,4.0,0.0,13.0,0.0,0.0,0.0,36.0,0.0,0.0,0.0,250.0,0.0,0.0,0.0,63.9,0.01,0.0,0,0,0,الکلی.همه(ودکا...).اثبات 86
Alcoholic.All(Vodka.…).Proof 90,0.04,1.0,0.0,2.0,4.0,18.0,0.0,0.04,0.0,21.0,0.0,0.0,0.0,0.0,0.0,1.0,0.0,0.0,6.0,4.0,0.0,13.0,0.0,0.0,0.0,37.9,0.0,0.0,0.0,263.0,0.0,0.0,0.0,62.1,0.01,0.0,6500000,16500,394,الکلی.همه(ودکا...).اثبات 90
Alcoholic.All(Vodka.…).Proof 94,0.04,1.0,0.0,2.0,4.0,18.0,0.0,0.04,0.0,21.0,0.0,0.0,0.0,0.0,0.0,1.0,0.0,0.0,6.0,4.0,0.0,13.0,0.0,0.0,0.0,39.7,0.0,0.0,0.0,275.0,0.0,0.0,0.0,60.3,0.0,0.0,0,0,0,الکلی.همه(ودکا...).اثبات 94
Alcoholic.Beer.Light,0.01,4.0,0.4,21.0,12.0,6.0,5.0,0.03,45.3,6.0,4.0,0.0,0.0,0.0,0.0,34.0,0.02,0.0,5.0,15.0,30.0,391.0,8.8,0.0,0.0,3.1,0.0,1.64,0.0,29.0,0.09,0.0,0.0,94.88,0.09,0.24,550000,500,1100,الکلی.آبجو.سبک
Alcoholic.Beer.Regular,0.01,4.0,0.6,27.0,14.0,8.0,6.0,0.02,44.2,5.0,4.0,0.0,0.0,0.0,0.0,46.0,0.02,0.0,5.0,25.0,41.0,513.0,10.1,0.0,0.0,3.9,0.0,3.55,0.0,43.0,0.0,0.0,0.0,91.96,0.16,0.46,0,0,0,الکلی.آبجو.معمول
Alcoholic.Beer.Strong,0.01,4.0,0.6,62.0,32.0,22.0,12.0,0.03,0.0,8.0,8.0,0.0,0.0,0.0,0.0,90.0,0.02,0.0,30.0,90.0,210.0,1.1,10.1,0.0,0.0,7.7,0.0,0.27,0.0,58.0,0.0,0.0,0.0,91.0,0.12,0.9,0,0,0,الکلی.آبجو.قوی
Alcoholic.RedWine,0.14,4.0,0.2,127.0,23.0,132.0,12.0,0.46,104.6,11.0,8.0,0.4,0.0,0.0,0.0,57.0,0.0,2.0,5.0,31.0,30.0,224.0,5.7,0.0,0.0,0.0,0.0,2.61,0.0,85.0,0.62,0.0,0.0,86.49,0.28,0.07,0,0,0,الکلی.شراب قرمز
Alcoholic.Whiskey.Proof 86,0.02,0.0,0.0,1.0,3.0,8.0,0.0,0.02,0.0,14.0,0.0,0.0,0.0,0.0,0.0,0.0,0.0,0.0,8.0,1.0,0.0,50.0,0.0,0.0,0.0,36.0,0.0,0.1,0.0,250.0,0.1,0.0,0.0,63.9,0.0,0.0,0,0,0,الکلی.ویسکی.پروف 86
Alcoholic.WhiteWine,0.12,5.0,0.1,71.0,18.0,117.0,10.0,0.27,202.0,4.0,9.0,0.4,0.0,0.0,0.0,50.0,0.0,0.0,5.0,15.0,45.0,108.0,4.3,0.0,0.0,10.3,0.0,2.6,0.0,82.0,0.96,0.0,0.0,86.86,0.2,0.07,0,0,0,الکلی.شراب سفید
Alcoholic.WhiteWine.Chardonnay,0.12,5.0,0.1,71.0,18.0,117.0,10.0,0.27,202.0,4.0,9.0,0.0,0.0,0.0,0.0,50.0,0.0,0.0,5.0,15.0,45.0,108.0,0.0,0.0,0.0,10.7,0.0,2.16,0.0,84.0,0.96,0.0,0.0,86.85,0.22,0.07,0,0,0,الکلی.شراب سفید.شاردونه
Almond Milk,0.06,72.0,0.1,67.0,9.0,40.0,6.0,0.28,0.0,20.0,184.0,0.0,6.33,1.0,0.0,0.0,0.0,0.0,0.0,10.0,10.0,70.0,3.1,80.0,0.0,0.0,0.2,1.31,0.96,15.0,0.81,0.0,0.0,96.54,0.79,0.4,0,0,0,شیر بادام
Almonds,3.12,1.0,4.1,733.0,481.0,2.179,270.0,3.71,0.0,1.031,269.0,0.0,25.63,0.0,0.0,137.0,0.0,2.0,205.0,1.138,471.0,3.618,52.1,3.802,15.0,0.0,12.5,21.55,49.93,579.0,4.35,139.0,0.0,4.41,2.97,21.15,0,0,0,بادام
Anise.Seed,5.3,16.0,5.0,1441.0,440.0,2.3,170.0,36.96,0.0,910.0,646.0,0.0,0.0,0.0,21.0,650.0,0.0,311.0,340.0,290.0,797.0,3.06,1.0,586.0,0.0,0.0,14.6,50.02,15.9,337.0,0.0,0.0,0.0,9.54,6.95,17.6,0,0,0,انیسون.دانه
Apple(Fuji),0.04,1.0,0.0,109.0,13.0,31.0,5.0,0.1,0.0,25.0,7.0,1.0,0.18,0.0,0.0,45.0,0.0,38.0,13.0,26.0,51.0,70.0,3.4,0.0,0.0,0.0,2.1,15.22,0.18,63.0,11.68,0.0,0.0,84.16,0.24,0.2,0,0,0,اپل(فوجی)
Apple(Gala),0.05,1.0,0.0,108.0,11.0,37.0,5.0,0.12,0.0,21.0,7.0,1.3,0.18,0.0,0.0,49.0,0.0,28.0,17.0,29.0,55.0,75.0,3.4,0.0,0.0,0.0,2.3,13.68,0.12,57.0,10.37,0.0,0.0,85.76,0.2,0.25,0,0,0,سیب(گالا)
Apple(Garnny smith),0.04,1.0,0.1,120.0,12.0,44.0,5.0,0.15,0.0,31.0,5.0,3.2,0.18,0.0,0.0,37.0,0.0,100.0,19.0,25.0,56.0,126.0,3.4,0.0,0.0,0.0,2.8,13.61,0.19,58.0,9.59,0.0,0.0,85.46,0.29,0.44,0,0,0,اپل(گارنی اسمیت)
Apple(Golden delisious),0.04,2.0,0.0,100.0,10.0,35.0,5.0,0.13,0.0,30.0,6.0,1.8,0.18,0.0,0.0,51.0,0.0,51.0,18.0,26.0,74.0,94.0,5.1,0.0,0.0,0.0,2.4,13.6,0.15,57.0,10.04,0.0,0.0,85.81,0.16,0.28,0,0,0,سیب(خوشمزه طلایی)
Apple(Red delisious),0.04,1.0,0.0,104.0,12.0,34.0,5.0,0.11,0.0,27.0,6.0,2.6,0.24,0.0,0.0,34.0,0.0,55.0,15.0,25.0,51.0,75.0,3.4,0.0,0.0,0.0,2.3,14.06,0.2,59.0,10.48,0.0,0.0,85.33,0.14,0.27,0,0,0,سیب(لذیذ قرمز)
Apricot,0.2,1.0,0.1,259.0,23.0,77.0,10.0,0.39,0.0,78.0,13.0,3.3,0.89,0.0,10.0,54.0,0.0,1926.0,30.0,40.0,240.0,600.0,2.8,27.0,0.0,0.0,2.0,11.12,0.39,48.0,9.24,18.0,0.0,86.35,0.75,1.4,0,0,0,زردآلو
Asparagus,0.54,2.0,2.3,202.0,52.0,158.0,14.0,2.14,0.0,189.0,24.0,41.6,1.13,0.0,5.6,91.0,0.0,756.0,143.0,141.0,274.0,978.0,16.0,40.0,0.0,0.0,2.1,3.88,0.12,20.0,1.88,24.0,0.0,93.22,0.58,2.2,0,0,0,مارچوبه
Avocado,0.64,7.0,0.4,485.0,52.0,142.0,29.0,0.55,7.0,190.0,12.0,21.0,2.07,0.0,10.0,257.0,0.0,146.0,67.0,130.0,1.389,1.738,14.2,2.126,0.0,0.0,6.7,8.53,14.66,160.0,0.66,81.0,0.0,73.23,1.58,2.0,0,0,0,آووکادو
Baking Powder,0.72,90.0,0.2,10100.0,6869.0,420.0,29.0,8.17,0.0,19.0,4332.0,0.0,0.0,0.0,0.0,0.0,0.0,0.0,0.0,0.0,0.0,0.0,0.0,73.0,0.0,0.0,2.2,46.9,0.4,97.0,0.0,0.0,0.0,6.2,46.4,0.1,0,0,0,بکینگ پودر
Baking Soda,0.0,27360.0,0.2,0.0,0.0,0.0,0.0,0.0,0.0,0.0,0.0,0.0,0.0,0.0,0.0,0.0,0.0,0.0,0.0,0.0,0.0,0.0,0.0,0.0,0.0,0.0,0.0,0.0,0.0,0.0,0.0,0.0,0.0,0.2,36.9,0.0,0,0,0,جوش شیرین
Bananas,0.15,1.0,1.0,358.0,22.0,270.0,27.0,0.26,2.2,78.0,5.0,0.5,0.1,0.0,8.7,367.0,0.0,64.0,31.0,73.0,334.0,665.0,9.8,112.0,0.0,0.0,2.6,22.84,0.33,89.0,12.23,16.0,0.0,74.91,0.82,1.09,0,0,0,موز
Basil,0.81,4.0,0.3,295.0,56.0,1.148,64.0,3.17,0.0,385.0,177.0,414.8,0.8,0.0,18.0,155.0,0.0,5275.0,34.0,76.0,209.0,902.0,11.4,41.0,0.0,0.0,1.6,2.65,0.64,23.0,0.3,0.0,0.0,92.06,1.49,3.15,0,0,0,ریحان
Basil.Dried,7.1,76.0,3.0,2630.0,274.0,9.8,711.0,89.8,0.0,2.1,2240.0,1714.5,10.7,0.0,0.8,1.34,0.0,744.0,80.0,1.2,838.0,4.9,54.9,2.157,0.0,0.0,37.7,47.75,4.07,233.0,1.71,106.0,0.0,10.35,14.85,22.98,0,0,0,ریحان.خشک شده
Bay Leaf,3.7,23.0,2.8,529.0,113.0,8.167,120.0,43.0,0.0,416.0,834.0,0.0,0.0,0.0,46.5,1.74,0.0,6185.0,9.0,421.0,0.0,2.005,1.0,2.28,0.0,0.0,26.3,74.97,8.36,313.0,0.0,0.0,0.0,5.44,3.62,7.61,0,0,0,برگ بو
Beef.Brain(Raw),1.02,126.0,21.3,274.0,362.0,26.0,13.0,2.55,0.0,287.0,43.0,0.0,0.99,0.0,10.7,226.0,9.51,147.0,92.0,199.0,2.01,3.55,1.0,2.3,610.0,0.0,0.0,1.05,10.3,143.0,0.0,3010.0,0.0,76.29,1.51,10.86,0,0,0,گوشت گاو مغز(خام)
Beef.Brisket(Raw),2.85,1217.0,19.0,297.0,117.0,20.0,14.0,1.69,0.0,110.0,7.0,0.0,0.0,0.0,27.0,290.0,1.78,0.0,43.0,157.0,570.0,3.66,1.0,4.73,0.0,0.0,0.0,0.14,14.9,198.0,0.0,54.0,0.0,66.56,3.73,14.68,0,0,0,گوشت گوساله(خام)
Beef.Flank(Raw),4.33,47.0,3.5,331.0,175.0,6.0,20.0,1.57,0.0,46.0,4.0,0.0,0.34,0.1,0.0,205.0,1.56,26.0,32.0,82.0,140.0,4.73,1.0,2.299,97.0,0.0,0.0,0.0,6.67,142.0,0.0,49.0,0.0,73.62,0.96,20.53,0,0,0,گوشت گاو(خام)
Beef.Ground(Raw),4.55,68.0,14.2,289.0,175.0,10.0,19.0,1.99,0.0,63.0,12.0,1.1,0.35,0.0,0.0,355.0,1.97,0.0,49.0,154.0,576.0,4.818,67.4,5.335,751.0,0.0,0.0,0.0,12.73,198.0,0.0,62.0,0.0,67.13,1.71,19.42,0,0,0,گوشت گاو چرخکرده(خام)
Beef.Heart(Raw),1.7,98.0,21.8,287.0,212.0,35.0,21.0,4.31,0.0,396.0,7.0,0.0,0.22,0.0,2.0,279.0,8.55,0.0,238.0,906.0,1.79,7.53,1.0,1.383,180.0,0.0,0.0,0.14,3.94,112.0,0.0,124.0,0.0,77.11,1.1,17.72,0,0,0,گوشت گاو قلب(خام)
Beef.Liver(Raw),4.0,69.0,39.7,313.0,387.0,310.0,18.0,4.9,0.0,9.755,5.0,3.1,0.38,1.2,1.3,1.083,59.3,16898.0,189.0,2.755,7.173,13.175,333.3,1.233,170.0,0.0,0.0,3.89,3.63,135.0,0.0,275.0,0.0,70.81,1.31,20.36,0,0,0,گوشت گاو جگر(خام)
Beef.Lungs(Raw),1.61,198.0,44.3,340.0,224.0,19.0,14.0,7.95,0.0,260.0,10.0,0.0,0.0,0.0,38.5,40.0,3.81,46.0,47.0,230.0,1.0,4.0,1.0,860.0,0.0,0.0,0.0,0.0,2.5,92.0,0.0,242.0,0.0,79.38,0.98,16.2,0,0,0,گوشت گاو. ریه(خام)
Beef.Ribs(Raw),3.95,54.0,2.9,337.0,184.0,6.0,20.0,1.82,0.0,47.0,15.0,0.0,0.74,0.2,0.0,255.0,1.17,26.0,30.0,90.0,293.0,4.306,1.0,2.453,123.0,0.0,0.0,0.0,6.78,146.0,0.0,57.0,0.0,71.32,0.94,21.31,0,0,0,گوشت گاو دنده(خام)
Beef.ShortRibs(Raw),4.78,65.0,14.4,357.0,190.0,14.0,22.0,2.16,0.0,69.0,8.0,0.0,0.0,0.0,0.0,390.0,3.39,0.0,94.0,154.0,320.0,3.412,1.0,4.33,0.0,0.0,0.0,0.4,10.19,175.0,0.0,59.0,0.0,69.38,0.98,19.05,0,0,0,گوشت گاو. دنده کوتاه(خام)
Beef.StewChuck(Raw),5.51,81.0,26.0,359.0,209.0,14.0,20.0,2.2,0.0,93.0,14.0,1.5,0.15,0.1,0.0,568.0,2.42,7.0,80.0,170.0,670.0,5.19,74.6,1.748,213.0,0.0,0.0,0.21,3.99,124.0,0.0,66.0,0.0,72.79,1.12,21.9,0,0,0,گوشت گاو. خورش(خام)
Beef.TenderLoin(Raw),2.32,39.0,4.3,359.0,203.0,12.0,24.0,2.18,0.0,102.0,4.0,0.0,0.59,0.1,0.0,264.0,1.76,30.0,55.0,118.0,569.0,4.015,1.0,2.788,151.0,0.0,0.0,0.0,6.88,146.0,0.0,58.0,0.0,71.18,1.04,21.04,0,0,0,گوشت گاو. TenderLoin(خام)
Beef.Tongue(Raw),2.87,69.0,9.4,315.0,133.0,26.0,16.0,2.95,0.0,170.0,6.0,0.0,0.0,0.0,3.1,310.0,3.79,0.0,125.0,340.0,653.0,4.24,1.0,7.0,0.0,0.0,0.0,3.68,16.09,224.0,0.0,87.0,0.0,64.53,0.8,14.9,0,0,0,گوشت گاو زبان(خام)
Beetroot,0.35,78.0,0.7,325.0,40.0,329.0,23.0,0.8,0.0,75.0,16.0,0.2,0.04,0.0,4.9,67.0,0.0,33.0,31.0,40.0,155.0,334.0,6.0,27.0,0.0,0.0,2.8,9.56,0.17,43.0,6.67,25.0,0.0,87.58,1.08,1.61,0,0,0,چغندر
Beetroot(Cooked),0.35,77.0,0.7,305.0,38.0,326.0,23.0,0.79,0.0,74.0,16.0,0.2,0.04,0.0,3.6,67.0,0.0,35.0,27.0,40.0,145.0,331.0,6.3,28.0,0.0,0.0,2.0,9.96,0.18,44.0,7.96,0.0,0.0,87.06,1.12,1.68,0,0,0,چغندر(پخته)
Black Beans,3.65,5.0,3.2,1483.0,352.0,1.06,171.0,5.02,0.0,841.0,123.0,5.6,0.21,0.0,0.0,286.0,0.0,17.0,900.0,193.0,899.0,1.955,66.4,366.0,0.0,0.0,15.5,62.36,1.42,341.0,2.12,0.0,0.0,11.02,3.6,21.6,0,0,0,لوبیا سیاه
Black Pepper(Table),1.19,20.0,4.9,1329.0,158.0,12.753,171.0,9.71,34.2,1.33,443.0,163.7,1.04,0.0,0.0,291.0,0.0,547.0,108.0,180.0,1.399,1.143,11.3,1.392,0.0,0.0,25.3,63.95,3.26,251.0,0.64,92.0,0.0,12.46,4.49,10.39,0,0,0,فلفل سیاه(سفره)
Black Tea,0.0,2.0,0.0,0.0,0.0,0.0,0.0,0.0,0.0,0.0,0.0,0.0,0.0,0.0,0.0,0.0,0.0,0.0,0.0,0.0,0.0,0.0,0.0,0.0,0.0,0.0,0.0,0.0,0.0,1.0,0.0,0.0,11.0,97.89,2.11,0.0,0,0,0,چای سیاه
Black-Eyed Beans,3.37,16.0,9.0,1112.0,424.0,1.528,184.0,8.27,0.0,845.0,110.0,5.0,0.39,0.0,1.5,357.0,0.0,50.0,853.0,226.0,1.496,2.075,94.7,331.0,0.0,0.0,10.6,60.03,1.26,336.0,6.9,0.0,0.0,11.95,3.24,23.52,0,0,0,لوبیا چشم سیاه
Blackberris,0.53,1.0,0.4,162.0,22.0,646.0,20.0,0.62,0.0,165.0,29.0,19.8,1.17,0.0,21.0,30.0,0.0,214.0,20.0,26.0,276.0,646.0,8.5,14.0,0.0,0.0,5.3,9.61,0.49,43.0,4.88,0.0,0.0,88.15,0.37,1.39,0,0,0,شاه توت
Blood Orange,0.06,0.0,0.0,179.0,17.0,23.0,10.0,0.09,0.0,37.0,40.0,0.0,0.0,0.0,48.5,63.0,0.0,230.0,87.0,40.0,250.0,274.0,3.1,35.0,0.0,0.0,2.5,11.89,0.3,47.0,0.0,0.0,0.0,86.34,0.42,1.04,0,0,0,پرتقال خونی
Blueberries,0.16,1.0,0.1,77.0,12.0,336.0,6.0,0.28,0.0,57.0,6.0,19.3,0.57,0.0,9.7,52.0,0.0,54.0,37.0,41.0,124.0,418.0,6.0,28.0,0.0,0.0,2.4,14.49,0.33,57.0,9.96,0.0,0.0,84.21,0.24,0.74,0,0,0,بلوبری
Bread Crumbs,1.45,732.0,25.2,196.0,165.0,919.0,43.0,4.83,0.0,255.0,183.0,6.6,0.08,0.0,0.0,121.0,0.35,0.0,967.0,403.0,552.0,6.634,14.6,1.203,0.0,0.0,4.5,71.98,5.3,395.0,6.2,0.0,0.0,6.51,2.87,13.35,0,0,0,خرده نان
Broccoli,0.41,33.0,2.5,316.0,66.0,210.0,21.0,0.73,0.0,49.0,47.0,101.6,0.78,0.0,98.2,175.0,0.0,623.0,71.0,117.0,573.0,639.0,18.7,114.0,0.0,0.0,2.6,6.64,0.37,34.0,1.7,0.0,0.0,89.3,0.87,2.82,0,0,0,کلم بروکلی
Brussel Sprouts,0.42,25.0,1.6,389.0,69.0,337.0,23.0,1.4,0.0,70.0,42.0,177.0,0.88,0.0,85.0,219.0,0.0,754.0,139.0,90.0,309.0,745.0,19.1,62.0,0.0,0.0,3.8,8.95,0.3,43.0,2.2,24.0,0.0,86.0,1.37,3.38,0,0,0,کلم بروکسل
Butter,0.09,11.0,1.0,24.0,24.0,4.0,2.0,0.02,2.8,16.0,24.0,7.0,2.32,0.0,0.0,3.0,0.17,2499.0,5.0,34.0,110.0,42.0,18.8,50.489,0.0,0.0,0.0,0.06,81.11,717.0,0.06,219.0,0.0,16.17,0.09,0.85,45000,100,450,کره
Butterhead Lettuce,0.2,5.0,0.6,238.0,33.0,179.0,13.0,1.24,0.0,16.0,35.0,102.3,0.18,0.0,3.7,82.0,0.0,3312.0,57.0,62.0,150.0,357.0,8.4,29.0,0.0,0.0,1.1,2.23,0.22,13.0,0.94,0.0,0.0,95.63,0.57,1.35,0,0,0,کله کاهو
Capers,0.32,2348.0,1.2,40.0,10.0,78.0,33.0,1.67,0.0,374.0,40.0,24.6,0.88,0.0,4.3,23.0,0.0,138.0,18.0,139.0,27.0,652.0,6.5,233.0,0.0,0.0,3.2,4.89,0.86,23.0,0.41,48.0,0.0,83.85,8.04,2.36,0,0,0,کپر
Caraway.Seed,5.5,17.0,12.1,1351.0,568.0,1.3,258.0,16.23,0.0,910.0,689.0,0.0,2.5,0.0,21.0,360.0,0.0,363.0,383.0,379.0,0.0,3.606,24.7,620.0,0.0,0.0,38.0,49.9,14.59,333.0,0.64,76.0,0.0,9.87,5.87,19.77,0,0,0,زیره.بذر
Cardamom.Spice,7.47,18.0,0.0,1119.0,178.0,28.0,229.0,13.97,0.0,383.0,383.0,0.0,0.0,0.0,21.0,230.0,0.0,0.0,198.0,182.0,0.0,1.102,1.0,680.0,0.0,0.0,28.0,68.47,6.7,311.0,0.0,46.0,0.0,8.28,5.78,10.76,0,0,0,هل. ادویه
Carrots,0.24,69.0,0.1,320.0,35.0,143.0,12.0,0.3,3.2,45.0,33.0,13.2,0.66,0.0,5.9,138.0,0.0,16706.0,66.0,58.0,273.0,983.0,8.8,32.0,0.0,0.0,2.8,9.58,0.24,41.0,4.74,0.0,0.0,88.29,0.97,0.93,0,0,0,هویج
Cashew,5.78,12.0,19.9,660.0,593.0,1.655,292.0,6.68,0.0,2.195,37.0,34.1,0.9,0.0,0.5,417.0,0.0,0.0,423.0,58.0,864.0,1.062,1.0,7.783,0.0,0.0,3.3,30.19,43.85,553.0,5.91,121.0,0.0,5.2,2.54,18.22,0,0,0,بادام هندی
Cauliflower,0.27,30.0,0.6,299.0,44.0,155.0,15.0,0.42,1.0,39.0,22.0,15.5,0.08,0.0,48.2,184.0,0.0,0.0,50.0,60.0,667.0,507.0,44.3,130.0,0.0,0.0,2.0,4.97,0.28,25.0,1.91,18.0,0.0,92.07,0.76,1.92,0,0,0,گل کلم
Cayenne Pepper(Red),2.48,30.0,8.8,2014.0,293.0,2.0,152.0,7.8,0.0,373.0,148.0,80.3,29.83,0.0,76.4,2.45,0.0,41610.0,328.0,919.0,0.0,8.701,51.5,3.26,0.0,0.0,27.2,56.63,17.27,318.0,10.34,83.0,0.0,8.05,6.04,12.01,0,0,0,فلفل کاین(قرمز)
Celery,0.13,80.0,0.4,260.0,24.0,103.0,11.0,0.2,4.0,35.0,40.0,29.3,0.27,0.0,3.1,74.0,0.0,449.0,21.0,57.0,246.0,320.0,6.1,42.0,0.0,0.0,1.6,2.97,0.17,14.0,1.34,6.0,0.0,95.43,0.75,0.69,0,0,0,کرفس
Celery.Seed,6.93,160.0,12.1,1400.0,547.0,7.567,440.0,44.9,0.0,1.37,1767.0,0.0,1.07,0.0,17.1,890.0,0.0,52.0,340.0,290.0,0.0,3.06,24.7,2.19,0.0,0.0,11.8,41.35,25.27,392.0,0.67,60.0,0.0,6.04,9.27,18.07,0,0,0,کرفس.دانه
Chamomile.Herb.Brewed,0.04,0.1,0.0,9.0,0.0,44.0,1.0,0.08,0.0,15.0,2.0,0.0,0.0,0.0,0.0,0.0,0.0,20.0,10.0,4.0,11.0,0.0,0.0,2.0,0.0,0.0,0.0,0.2,0.0,1.0,0.0,0.0,0.0,99.7,0.01,0.0,0,0,0,بابونه.علف.دم کرده
Cheese.Blue,2.66,1146.0,14.5,256.0,387.0,9.0,23.0,0.31,0.0,40.0,528.0,2.4,0.25,0.5,0.0,166.0,1.22,721.0,29.0,382.0,1.729,1.016,15.4,18.669,0.0,0.0,0.0,2.34,28.74,353.0,0.5,75.0,0.0,42.41,5.11,21.4,0,0,0,پنیر.آبی
Cheese.Cheddar,3.64,653.0,28.5,76.0,455.0,27.0,27.0,0.14,0.0,30.0,710.0,2.4,0.71,0.6,0.0,66.0,1.1,1242.0,29.0,428.0,410.0,59.0,16.5,18.867,0.0,0.0,0.0,3.37,33.31,403.0,0.48,99.0,0.0,36.75,3.71,22.87,0,0,0,پنیر.چدار
Cheese.Cream,0.5,314.0,8.6,132.0,107.0,11.0,9.0,0.11,0.0,18.0,97.0,2.1,0.86,0.0,0.0,56.0,0.22,1111.0,23.0,230.0,517.0,91.0,26.8,20.213,1.173,0.0,0.0,5.52,34.44,350.0,3.76,101.0,0.0,52.62,1.27,6.15,0,0,0,پنیر.خامه
Cheese.Feta,2.88,1139.0,15.0,62.0,337.0,28.0,19.0,0.65,0.0,32.0,493.0,1.8,0.18,0.4,0.0,424.0,1.69,422.0,154.0,844.0,967.0,991.0,15.4,13.3,0.0,0.0,0.0,3.88,21.49,265.0,0.0,89.0,0.0,55.22,5.2,14.21,0,0,0,پنیر.فتا
Cheese.Gouda,3.9,819.0,14.5,121.0,546.0,11.0,29.0,0.24,0.0,36.0,700.0,2.3,0.24,0.5,0.0,80.0,1.54,563.0,30.0,334.0,340.0,63.0,15.4,17.614,0.0,0.0,0.0,2.22,27.44,356.0,2.22,114.0,0.0,41.46,3.94,24.94,0,0,0,پنیر.گودا
Cheese.Mozzarella,2.92,486.0,17.0,76.0,354.0,30.0,20.0,0.44,0.0,11.0,505.0,2.3,0.19,0.4,0.0,37.0,2.28,676.0,30.0,283.0,141.0,104.0,15.4,13.9,0.0,0.0,0.0,2.4,22.14,299.0,0.0,79.0,0.0,50.01,3.28,22.17,0,0,0,پنیر.موزارلا
Cheese.Parmesan,4.2,1804.0,34.4,180.0,627.0,71.0,34.0,0.49,0.0,40.0,853.0,1.7,0.53,0.5,0.0,81.0,1.4,974.0,26.0,358.0,450.0,80.0,14.1,15.371,876.0,0.0,0.0,13.91,27.84,420.0,0.07,86.0,0.0,22.65,7.18,28.42,0,0,0,پنیر.پارمسان
Cherry,0.07,0.0,0.0,222.0,21.0,70.0,11.0,0.36,2.0,60.0,13.0,2.1,0.07,0.0,7.0,49.0,0.0,64.0,27.0,33.0,199.0,154.0,6.1,38.0,0.0,0.0,2.1,16.01,0.2,63.0,12.82,12.0,0.0,82.25,0.48,1.06,0,0,0,گیلاس
Chervil.Dried,8.8,83.0,29.3,4740.0,450.0,2.1,130.0,31.95,0.0,440.0,1346.0,0.0,0.0,0.0,50.0,930.0,0.0,5850.0,380.0,680.0,0.0,5.4,1.0,169.0,0.0,0.0,11.3,49.1,3.9,237.0,0.0,0.0,0.0,7.2,16.6,23.2,0,0,0,Chervil.خشک شده
ChiaSeeds.Dry,4.58,16.0,55.2,407.0,860.0,2.723,335.0,7.72,0.0,924.0,631.0,0.0,0.5,0.0,1.6,0.0,0.0,54.0,620.0,170.0,0.0,8.83,1.0,3.33,140.0,0.0,34.4,42.12,30.74,486.0,0.0,0.0,0.0,5.8,4.8,16.54,0,0,0,ChiaSeeds.Dry
Chicken(Gizzard),2.72,69.0,25.5,237.0,148.0,55.0,15.0,2.49,0.0,116.0,11.0,0.0,0.33,0.0,3.7,112.0,1.21,64.0,28.0,231.0,631.0,3.68,1.0,529.0,60.0,0.0,0.0,0.0,2.06,94.0,0.0,240.0,0.0,79.33,0.95,17.66,0,0,0,مرغ( سنگدان )
Chicken(Heart),6.59,74.0,4.3,176.0,177.0,89.0,15.0,5.96,0.0,346.0,12.0,0.0,0.0,0.0,3.2,360.0,7.29,30.0,152.0,728.0,2.559,4.883,1.0,2.66,0.0,0.0,0.0,0.71,9.33,153.0,0.0,136.0,0.0,73.56,0.85,15.55,0,0,0,مرغ(قلب)
Chicken(liver),2.67,71.0,54.6,230.0,297.0,255.0,19.0,8.99,0.0,492.0,8.0,0.0,0.7,0.0,17.9,853.0,16.58,11078.0,305.0,1.778,6.233,9.728,194.4,1.563,65.0,0.0,0.0,0.73,4.83,119.0,0.0,345.0,0.0,76.46,1.06,16.92,0,0,0,مرغ(جگر)
Chicken Breast(Flour.Fried),1.1,76.0,23.9,259.0,233.0,26.0,30.0,1.19,0.0,57.0,16.0,0.0,0.0,0.0,0.0,580.0,0.34,50.0,82.0,131.0,1.001,13.742,60.0,2.45,14.0,0.0,0.1,1.64,8.87,222.0,0.0,89.0,0.0,56.59,1.06,31.84,0,0,0,سینه مرغ(آرد سرخ شده)
Chicken Breast(Fried),1.08,79.0,26.2,276.0,246.0,21.0,31.0,1.14,0.0,54.0,16.0,2.4,0.42,0.1,0.0,640.0,0.37,23.0,79.0,125.0,1.04,14.782,95.9,1.29,8.0,0.0,0.0,0.51,4.71,187.0,0.0,91.0,0.0,60.21,1.14,33.44,0,0,0,سینه مرغ(سرخ شده)
Chicken Breast(Grilled),0.82,215.0,42.4,420.0,249.0,11.0,31.0,0.43,0.0,34.0,6.0,0.0,0.33,0.0,0.0,984.0,0.2,32.0,79.0,227.0,1.485,11.067,107.7,1.012,13.0,0.0,0.0,0.0,3.39,148.0,0.0,106.0,0.0,66.54,1.68,29.5,0,0,0,سینه مرغ(کبابی)
Chicken Breast(Raw),0.68,45.0,22.8,334.0,213.0,11.0,28.0,0.37,0.0,37.0,5.0,0.0,0.56,0.0,0.0,811.0,0.21,30.0,94.0,177.0,1.495,9.6,82.1,563.0,7.0,0.0,0.0,0.0,2.62,120.0,0.0,73.0,0.0,73.9,1.13,22.5,0,0,0,سینه مرغ(خام)
Chicken Breast(Roasted),1.0,74.0,27.6,256.0,228.0,17.0,29.0,1.04,0.0,49.0,15.0,0.3,0.27,0.1,0.0,600.0,0.34,21.0,70.0,114.0,965.0,13.712,85.3,1.01,8.0,0.0,0.0,0.0,3.57,165.0,0.0,85.0,0.0,65.26,1.06,31.02,0,0,0,سینه مرغ(برشته شده)
Chicken Breast(Stewed),0.97,63.0,22.3,187.0,165.0,18.0,24.0,0.88,0.0,43.0,13.0,0.2,0.27,0.1,0.0,330.0,0.23,19.0,42.0,119.0,573.0,8.469,78.5,850.0,13.0,0.0,0.0,0.0,3.03,151.0,0.0,77.0,0.0,68.27,0.91,28.98,0,0,0,سینه مرغ(خورشتی)
Chicken Drumstick(Fried),3.22,96.0,29.6,249.0,186.0,21.0,24.0,1.32,0.0,80.0,12.0,0.0,0.0,0.0,0.0,390.0,0.35,61.0,77.0,236.0,1.32,6.146,70.0,2.13,30.0,0.0,0.0,0.0,8.08,195.0,0.0,94.0,0.0,62.24,1.06,28.92,0,0,0,چوب مرغ(سرخ شده)
Chicken Drumstick(Raw),2.05,114.0,21.8,225.0,174.0,14.0,20.0,0.76,0.0,66.0,9.0,2.9,0.18,0.0,0.0,381.0,0.51,22.0,90.0,220.0,1.1,5.198,56.7,949.0,18.0,0.0,0.0,0.0,3.71,116.0,0.0,89.0,0.0,76.78,0.92,19.41,0,0,0,چوب مرغ(خام)
Chicken Drumstick(Roasted),2.36,123.0,26.9,247.0,195.0,15.0,22.0,1.11,0.0,71.0,11.0,3.2,0.19,0.1,0.0,383.0,0.39,40.0,93.0,203.0,1.077,5.403,67.8,2.74,55.0,0.0,0.0,0.0,10.15,191.0,0.0,130.0,0.0,66.39,1.02,23.35,0,0,0,چوب مرغ(برشته شده)
Chicken Drumstick(Stewed),2.54,117.0,27.9,239.0,184.0,18.0,22.0,0.94,0.0,63.0,12.0,0.2,0.17,0.1,0.0,372.0,0.41,24.0,88.0,180.0,1.1,5.046,72.0,1.601,30.0,0.0,0.0,0.0,5.95,149.0,0.0,132.0,0.0,69.94,0.98,23.93,0,0,0,میله مرغ(خورشتی)
Chicken Drumstick(Flour.Fried),2.89,89.0,18.4,229.0,176.0,28.0,23.0,1.34,0.0,80.0,12.0,0.0,0.0,0.0,0.0,350.0,0.32,84.0,81.0,225.0,1.215,6.037,60.0,3.66,50.0,0.0,0.1,1.63,13.72,245.0,0.0,90.0,0.0,56.73,0.96,26.96,0,0,0,چوب مرغ(آرد سرخ شده)
Chicken Leg(Stewed),2.78,78.0,26.5,190.0,149.0,19.0,21.0,1.4,0.0,77.0,11.0,3.6,0.27,0.1,0.0,210.0,0.0,60.0,59.0,216.0,913.0,4.798,69.7,2.2,0.0,0.0,0.0,0.0,8.06,185.0,0.0,89.0,0.0,66.44,0.88,26.26,0,0,0,پای مرغ(خورشتی)
Chicken Thigh(Flour.Fried),2.52,88.0,19.9,237.0,187.0,36.0,25.0,1.49,0.0,89.0,14.0,0.0,0.0,0.0,0.0,330.0,0.3,98.0,94.0,243.0,1.185,6.946,60.0,4.09,91.0,0.0,0.1,3.18,14.98,262.0,0.0,97.0,0.0,54.14,0.94,26.75,0,0,0,ران مرغ(آرد سرخ شده)
Chicken Thigh(Fried),2.79,95.0,20.5,259.0,199.0,27.0,26.0,1.46,0.0,90.0,13.0,0.0,0.0,0.2,0.0,380.0,0.33,70.0,88.0,255.0,1.285,7.12,60.0,2.78,0.0,0.0,0.0,1.18,10.3,218.0,0.0,102.0,0.0,59.13,1.04,28.18,0,0,0,ران مرغ(سرخ شده)
Chicken Thigh(Grilled),2.1,120.0,30.0,320.0,190.0,20.0,26.0,0.8,0.0,60.0,4.0,0.0,0.0,0.0,0.0,600.0,0.2,0.7,70.0,300.0,1.5,8.0,100.0,3.0,80.0,0.0,0.0,0.0,9.0,180.0,0.0,114.0,0.0,65.0,1.5,24.0,0,0,0,ران مرغ(کبابی)
Chicken Thigh(Raw),1.58,95.0,22.9,242.0,185.0,13.0,23.0,0.81,0.0,62.0,7.0,2.9,0.18,0.0,0.0,451.0,0.61,24.0,88.0,196.0,0.0,5.557,53.6,1.097,20.0,0.0,0.0,0.0,4.12,121.0,0.0,94.0,0.0,76.22,0.95,19.66,0,0,0,ران مرغ(خام)
Chicken Thigh(Roasted),1.82,174.0,31.1,254.0,197.0,11.0,23.0,1.02,0.0,73.0,11.0,0.0,0.38,0.3,0.0,394.0,0.44,56.0,84.0,243.0,1.128,5.898,93.6,4.145,91.0,0.0,0.0,0.09,13.81,214.0,0.0,128.0,0.0,62.6,1.14,23.47,0,0,0,ران مرغ(برشته شده)
Chicken Thigh(Stewed),2.58,75.0,17.1,183.0,149.0,20.0,21.0,1.42,0.0,77.0,11.0,3.6,0.27,0.1,0.0,210.0,0.21,62.0,63.0,218.0,874.0,5.2,67.3,2.71,0.0,0.0,0.0,0.0,9.79,195.0,0.0,90.0,0.0,65.59,0.86,25.0,0,0,0,ران مرغ(خورشتی)
Chicken Wings(Flour.Fried),1.76,77.0,21.3,177.0,150.0,28.0,19.0,1.25,0.0,61.0,15.0,0.0,0.0,0.0,0.0,410.0,0.28,125.0,58.0,137.0,874.0,6.697,60.0,6.06,61.0,0.0,0.0,0.0,22.16,321.0,0.0,81.0,0.0,48.62,0.72,26.11,0,0,0,بال مرغ(آرد سرخ شده)
Chicken Wings(Fried),2.12,91.0,25.4,208.0,164.0,16.0,21.0,1.14,0.0,53.0,15.0,0.0,0.0,0.1,0.0,590.0,0.34,61.0,46.0,128.0,989.0,7.239,60.0,2.5,61.0,0.0,0.0,0.0,9.15,211.0,0.0,84.0,0.0,59.83,0.87,30.15,0,0,0,بال مرغ(سرخ شده)
Chicken Wings(Raw),1.21,84.0,17.6,187.0,123.0,11.0,16.0,0.46,0.0,34.0,11.0,0.0,0.64,0.1,0.0,528.0,0.25,29.0,54.0,103.0,640.0,5.697,82.0,3.535,61.0,0.0,0.0,0.0,12.85,191.0,0.0,111.0,0.0,69.19,0.74,17.52,0,0,0,بال مرغ(خام)
Chicken Wings(Roasted),2.14,92.0,24.7,210.0,166.0,16.0,21.0,1.16,0.0,54.0,16.0,0.3,0.27,0.1,0.0,590.0,0.34,61.0,47.0,129.0,999.0,7.312,79.6,2.26,61.0,0.0,0.0,0.0,8.13,203.0,0.0,85.0,0.0,62.78,0.89,30.46,0,0,0,بال مرغ(برشته شده)
Chicken Wings(Stewed),1.63,67.0,18.5,139.0,121.0,18.0,16.0,1.13,0.0,46.0,12.0,0.2,0.27,0.1,0.0,220.0,0.18,133.0,40.0,103.0,504.0,4.621,51.3,4.71,61.0,0.0,0.0,0.0,16.82,249.0,0.0,70.0,0.0,62.18,0.62,22.78,0,0,0,بال مرغ(خورشتی)
Chickpeas(Garbanzo),2.76,24.0,0.0,718.0,252.0,21.306,79.0,4.31,0.0,656.0,57.0,9.0,0.82,0.0,4.0,535.0,0.0,67.0,477.0,212.0,1.588,1.541,99.3,603.0,0.0,0.0,12.2,62.95,6.04,378.0,10.7,0.0,0.0,7.68,2.85,20.47,0,0,0,نخود(گاربانزو)
Chives,0.56,3.0,0.9,296.0,58.0,373.0,42.0,1.6,0.0,157.0,92.0,212.7,0.21,0.0,58.1,138.0,0.0,4353.0,78.0,115.0,324.0,647.0,5.2,146.0,0.0,0.0,2.5,4.35,0.73,30.0,1.85,9.0,0.0,90.65,1.0,3.27,0,0,0,پیازچه
Cinammon(powder),1.83,10.0,3.1,431.0,64.0,17.466,60.0,8.32,0.0,339.0,1002.0,31.2,2.32,0.0,3.8,158.0,0.0,295.0,22.0,41.0,358.0,1.332,11.0,345.0,0.0,0.0,53.1,80.59,1.24,247.0,2.17,26.0,0.0,10.58,3.6,3.99,0,0,0,دارچین(پودر)
Cinammon Stick,1.83,10.0,3.1,431.0,64.0,17.466,60.0,8.32,0.0,339.0,1002.0,31.2,2.32,0.0,3.8,158.0,0.0,295.0,22.0,41.0,358.0,1.332,11.0,345.0,0.0,0.0,53.1,80.59,1.24,247.0,2.17,26.0,0.0,10.58,3.6,3.99,0,0,0,چوب دارچین
Citron,0.08,1.0,0.0,216.0,17.0,17.0,6.0,0.11,0.0,48.0,4.0,0.0,0.0,0.0,61.0,36.0,0.0,8.0,34.0,27.0,0.0,220.0,0.0,100.0,0.0,0.0,2.4,7.8,0.4,29.0,0.0,0.0,0.0,80.0,0.4,1.1,0,0,0,سیترون
Clementine,0.06,1.0,0.1,177.0,21.0,23.0,10.0,0.14,0.0,43.0,30.0,0.0,0.2,0.0,48.8,75.0,0.0,0.0,86.0,30.0,151.0,636.0,14.0,0.0,0.0,0.0,1.7,12.02,0.15,47.0,9.18,0.0,0.0,86.58,0.4,0.85,0,0,0,کلمانتین
Cloves(Whole),2.32,277.0,7.2,1020.0,104.0,60.127,259.0,11.83,0.0,368.0,632.0,141.8,8.82,0.0,0.2,391.0,0.0,160.0,158.0,220.0,509.0,1.56,37.4,3.952,254.0,0.0,33.9,65.53,13.0,274.0,2.38,256.0,0.0,9.87,5.63,5.97,0,0,0,میخک(کل)
Cocoa(Powdered),6.81,21.0,14.3,1524.0,734.0,3.837,499.0,13.86,0.0,3.788,128.0,2.5,0.1,0.0,0.0,118.0,0.0,0.0,78.0,241.0,254.0,2.185,12.0,8.07,0.0,0.0,37.0,57.9,13.7,228.0,1.75,0.0,230.0,3.0,5.8,19.6,0,0,0,کاکائو(پودر)
Coconut(Meat),1.1,20.0,10.1,356.0,113.0,1.5,32.0,2.43,0.0,435.0,14.0,0.2,0.24,0.0,3.3,54.0,0.0,0.0,66.0,20.0,300.0,540.0,12.1,29.698,0.0,0.0,9.0,15.23,33.49,354.0,6.23,47.0,0.0,46.99,0.97,3.33,0,0,0,نارگیل(گوشت)
Coconut(Powdered),1.1,20.0,10.1,356.0,113.0,1.5,32.0,2.43,0.0,435.0,14.0,0.2,0.24,0.0,3.3,54.0,0.0,0.0,66.0,20.0,300.0,540.0,12.1,29.698,0.0,0.0,9.0,15.23,33.49,354.0,6.23,47.0,0.0,46.99,0.97,3.33,0,0,0,نارگیل(پودر شده)
Coconut Milk,0.0,15.0,0.0,263.0,0.0,1.0,1.0,1.0,0.0,0.0,10.0,0.0,0.0,0.0,30.0,0.0,0.0,0.0,0.0,0.0,0.0,0.0,0.0,2.1,0.0,0.0,2.2,6.0,24.0,230.0,3.3,0.0,0.0,89.0,1.0,2.3,0,0,0,شیر نارگیل
Cola,0.09,3.0,0.1,5.0,9.0,3.0,0.0,0.02,0.0,8.0,1.0,0.0,0.0,0.0,0.0,0.0,0.0,0.0,0.0,0.0,0.0,0.0,0.3,0.0,0.0,0.0,0.0,10.36,0.25,42.0,9.94,0.0,9.0,89.36,0.04,0.0,0,0,0,کولا
Corn flour(white),1.73,5.0,15.4,315.0,272.0,460.0,93.0,2.38,0.0,230.0,7.0,0.3,0.42,0.0,0.0,370.0,0.0,214.0,246.0,80.0,658.0,1.9,21.6,543.0,0.0,0.0,7.3,76.85,3.86,361.0,0.64,0.0,0.0,10.91,1.45,6.93,0,0,0,آرد ذرت(سفید)
Corn flour(yellow),1.73,5.0,15.4,315.0,272.0,460.0,93.0,2.38,0.0,230.0,7.0,0.3,0.42,0.0,0.0,370.0,0.0,214.0,246.0,80.0,658.0,1.9,21.6,543.0,0.0,0.0,7.3,76.85,3.86,361.0,0.64,0.0,0.0,10.91,1.45,6.93,0,0,0,آرد ذرت(زرد)
Cosberg Lettuce,0.18,28.0,0.6,194.0,29.0,250.0,13.0,0.86,0.0,29.0,36.0,126.0,0.22,0.0,9.2,90.0,0.0,7405.0,70.0,80.0,134.0,375.0,13.6,20.0,0.0,0.0,1.3,2.87,0.15,15.0,0.78,38.0,0.0,94.98,0.62,1.36,0,0,0,کاهو کازبرگ
Cranberries,0.09,2.0,0.1,80.0,11.0,267.0,6.0,0.23,0.0,56.0,8.0,5.0,1.32,0.0,14.0,57.0,0.0,63.0,12.0,20.0,295.0,101.0,5.5,8.0,0.0,0.0,3.6,11.97,0.13,46.0,4.27,0.0,0.0,87.32,0.12,0.46,0,0,0,کرن بری
Cranberry Beans,3.63,6.0,12.7,1332.0,372.0,920.0,156.0,5.0,0.0,794.0,127.0,0.0,0.0,0.0,0.0,309.0,0.0,2.0,747.0,213.0,748.0,1.455,60.0,316.0,0.0,0.0,24.7,60.05,1.23,335.0,1.0,0.0,0.0,12.39,3.31,23.03,0,0,0,دانه کرنبری
Cream.Powdered,0.07,124.0,0.0,669.0,288.0,11.0,1.0,0.26,112.0,18.0,2.0,1.7,1.26,0.0,0.0,0.0,0.0,0.0,0.0,0.0,117.0,0.0,2.3,19.146,5.541,0.0,0.0,59.29,32.92,529.0,7.77,32.0,0.0,2.98,2.34,2.48,0,0,0,کرم.پودر شده
Cucumber,0.2,2.0,0.3,147.0,24.0,79.0,13.0,0.28,1.3,41.0,16.0,16.4,0.03,0.0,2.8,40.0,0.0,105.0,27.0,33.0,259.0,98.0,6.0,37.0,0.0,0.0,0.5,3.63,0.11,15.0,1.67,14.0,0.0,95.23,0.38,0.65,0,0,0,خیار
CuminSeed,4.8,168.0,5.2,1788.0,499.0,3.333,366.0,66.36,0.0,867.0,931.0,5.4,3.33,0.0,7.7,435.0,0.0,1270.0,628.0,327.0,0.0,4.579,24.7,1.535,0.0,0.0,10.5,44.24,22.27,375.0,2.25,68.0,0.0,8.06,7.62,17.81,0,0,0,زیره.دانه
Curry.Powder,4.7,52.0,40.3,1170.0,367.0,8.3,255.0,19.1,0.0,1.2,525.0,99.8,25.24,0.0,0.7,105.0,0.0,19.0,176.0,200.0,1.07,3.26,64.2,1.648,0.0,0.0,53.2,55.83,14.01,325.0,2.67,0.0,0.0,8.8,7.07,14.29,0,0,0,کاری.پودر
Dark Chocolate,3.31,20.0,6.8,715.0,308.0,1.948,228.0,11.9,0.0,1.766,73.0,7.3,0.59,0.0,0.6,38.0,0.28,39.0,34.0,78.0,418.0,1.054,0.0,24.489,30.0,0.0,10.9,45.9,42.63,598.0,23.99,132.0,80.0,1.37,2.32,7.79,0,0,0,شکلات تلخ
Dates(Medjool),0.44,1.0,0.0,696.0,62.0,296.0,54.0,0.9,0.0,362.0,64.0,2.7,0.0,0.0,0.0,249.0,0.0,149.0,50.0,60.0,805.0,1.61,9.9,0.0,0.0,0.0,6.7,74.97,0.15,277.0,66.47,0.0,0.0,21.32,1.74,1.81,0,0,0,خرما(مجول)
DillWeed(Fresh),0.91,61.0,0.0,738.0,66.0,1.264,55.0,6.59,0.0,146.0,208.0,0.0,0.0,0.0,85.0,185.0,0.0,7718.0,58.0,296.0,397.0,1.57,1.0,60.0,0.0,0.0,2.1,7.02,1.12,43.0,0.0,0.0,0.0,85.95,2.45,3.46,0,0,0,علف شوید(تازه)
DillWeed.Dried,3.3,208.0,0.0,3308.0,543.0,3.95,451.0,48.78,0.0,490.0,1784.0,0.0,0.0,0.0,50.0,1.71,0.0,5850.0,418.0,284.0,0.0,2.807,1.0,234.0,0.0,0.0,13.6,55.82,4.36,253.0,0.0,0.0,0.0,7.3,12.56,19.96,0,0,0,علف شوید.خشک شده
Egg(Fried),1.39,207.0,33.1,152.0,215.0,30.0,13.0,1.89,1.2,78.0,62.0,5.6,1.31,2.2,0.0,184.0,0.97,787.0,44.0,495.0,1.66,82.0,317.1,4.323,41.0,0.0,0.0,0.83,14.84,196.0,0.4,401.0,0.0,69.47,1.26,13.61,0,0,0,تخم مرغ(سرخ شده)
Egg(Hard Boild),1.05,124.0,30.8,126.0,172.0,26.0,10.0,1.19,4.8,13.0,50.0,0.3,1.03,2.2,0.0,121.0,1.11,520.0,66.0,513.0,1.398,64.0,293.8,3.267,0.0,0.0,0.0,1.12,10.61,155.0,1.12,373.0,0.0,74.62,1.08,12.58,0,0,0,تخم مرغ(جوش سفت)
Egg(Poached),1.29,297.0,30.6,138.0,197.0,28.0,12.0,1.75,1.1,72.0,56.0,0.3,1.04,2.0,0.0,144.0,0.71,538.0,32.0,387.0,1.527,63.0,234.1,3.113,38.0,0.0,0.0,0.71,9.47,143.0,0.37,370.0,0.0,75.85,1.46,12.51,0,0,0,تخم مرغ(پاک شده)
Egg(Raw),1.29,142.0,30.7,138.0,198.0,28.0,12.0,1.75,1.1,72.0,56.0,0.3,1.05,2.0,0.0,170.0,0.89,540.0,40.0,457.0,1.533,75.0,293.8,3.126,0.01,0.0,0.0,0.72,9.51,143.0,0.37,372.0,0.0,76.15,1.06,12.56,5000,50,100,تخم مرغ(خام)
Egg(Scrambled),1.04,145.0,23.5,132.0,165.0,22.0,11.0,1.31,0.8,59.0,66.0,4.0,1.15,1.8,0.0,134.0,0.76,578.0,40.0,376.0,1.217,76.0,221.0,3.331,624.0,0.0,0.0,1.61,10.98,149.0,1.39,287.0,0.0,76.4,1.01,9.99,0,0,0,تخم مرغ(هم زده)
Egg(Soft-Boiled),1.08,180.0,30.0,110.0,172.0,26.0,10.0,1.19,4.8,13.0,50.0,0.3,1.03,2.2,0.0,121.0,1.11,520.0,66.0,513.0,1.398,64.0,293.8,0.0,0.0,0.0,0.0,0.0,8.0,136.0,0.0,398.0,0.0,75.0,1.1,10.0,0,0,0,تخم مرغ(نرم پز)
Egg White(raw),0.03,166.0,20.0,163.0,15.0,11.0,11.0,0.08,0.0,23.0,7.0,0.0,0.0,0.0,0.0,5.0,0.09,0.0,4.0,439.0,190.0,105.0,1.1,0.0,0.0,0.0,0.0,0.73,0.17,52.0,0.71,0.0,0.0,87.57,0.63,10.9,0,0,0,سفیده تخم مرغ(خام)
Egg Yolk(raw),2.3,48.0,56.0,109.0,390.0,55.0,5.0,2.73,0.0,77.0,129.0,0.7,2.58,5.4,0.0,350.0,1.95,1442.0,176.0,528.0,2.99,24.0,820.2,9.551,0.0,0.0,0.0,3.59,26.54,322.0,0.56,1085.0,0.0,52.31,1.71,15.86,0,0,0,زرده تخم مرغ(خام)
Eggplant,0.16,2.0,0.3,229.0,24.0,232.0,14.0,0.23,0.0,81.0,9.0,3.5,0.3,0.0,2.2,84.0,0.0,23.0,39.0,37.0,281.0,649.0,6.9,34.0,0.0,0.0,3.0,5.88,0.18,25.0,3.53,7.0,0.0,92.3,0.66,0.98,0,0,0,بادمجان
EnergyDrink.RedBull,0.01,39.0,0.2,3.0,0.0,5.0,19.0,0.06,0.0,2.0,6.0,0.0,0.0,0.0,0.0,2.167,1.97,0.0,40.0,103.0,1.54,9.827,0.3,0.0,0.0,0.0,0.0,10.23,0.0,43.0,10.22,0.0,29.0,89.22,0.1,0.46,0,0,0,EnergyDrink.RedBull
Espresso.Decaf,0.05,14.0,0.0,115.0,7.0,50.0,80.0,0.13,0.0,50.0,2.0,0.1,0.0,0.0,0.2,2.0,0.0,0.0,1.0,177.0,28.0,5.207,1.0,92.0,0.0,0.0,0.0,1.69,0.18,9.0,0.0,0.0,1.0,97.8,0.23,0.1,0,0,0,اسپرسو.بدون کافئین
Espresso.Regular,0.05,14.0,0.0,115.0,7.0,50.0,80.0,0.13,0.0,50.0,2.0,0.1,0.01,0.0,0.2,2.0,0.0,0.0,1.0,177.0,28.0,5.207,2.6,92.0,0.0,0.0,0.0,1.67,0.18,9.0,0.0,0.0,212.0,97.8,0.23,0.12,0,0,0,اسپرسو.معمول
Fava Beans(Green.no-pod),3.14,13.0,8.2,1062.0,421.0,1.626,192.0,6.7,0.0,824.0,103.0,9.0,0.05,0.0,1.4,366.0,0.0,53.0,555.0,333.0,976.0,2.832,95.8,254.0,0.0,0.0,25.0,58.29,1.53,341.0,5.7,124.0,0.0,10.98,3.08,26.12,0,0,0,لوبیا فاوا(Green.no-pod)
Figs,0.15,1.0,0.2,232.0,14.0,128.0,17.0,0.37,0.0,70.0,35.0,4.7,0.11,0.0,2.0,113.0,0.0,142.0,60.0,50.0,300.0,400.0,4.7,60.0,0.0,0.0,2.9,19.18,0.3,74.0,16.26,31.0,0.0,79.11,0.66,0.75,0,0,0,انجیر
Garlic,1.16,17.0,14.2,401.0,153.0,1.672,25.0,1.7,0.0,299.0,181.0,1.7,0.08,0.0,31.2,1.235,0.0,9.0,200.0,110.0,596.0,700.0,23.2,89.0,0.0,0.0,2.1,33.06,0.5,149.0,1.0,0.0,0.0,58.58,1.5,6.36,0,0,0,سیر
Garlic Powder,2.99,60.0,23.9,1193.0,414.0,979.0,77.0,5.65,0.0,533.0,79.0,0.4,0.67,0.0,1.2,1.654,0.0,0.0,435.0,141.0,743.0,796.0,67.5,249.0,0.0,0.0,9.0,72.73,0.73,331.0,2.43,8.0,0.0,6.45,3.54,16.55,0,0,0,پودر سیر
Ginger(Root),0.34,13.0,0.7,415.0,34.0,229.0,43.0,0.6,0.0,226.0,16.0,0.1,0.26,0.0,5.0,160.0,0.0,0.0,25.0,34.0,203.0,750.0,28.8,203.0,0.0,0.0,2.0,17.77,0.75,80.0,1.7,15.0,0.0,78.89,0.77,1.82,0,0,0,زنجبیل(ریشه)
Ginger.Ground,3.64,27.0,55.8,1320.0,168.0,33.3,214.0,19.8,0.0,480.0,114.0,0.8,0.0,0.0,0.7,626.0,0.0,30.0,46.0,170.0,477.0,9.62,41.2,2.599,0.0,0.0,14.1,71.62,4.24,335.0,3.39,83.0,0.0,9.94,5.22,8.98,0,0,0,زنجبیل.زمین
Grapefruit,0.07,0.0,0.3,139.0,8.0,12.0,8.0,0.09,1.0,47.0,12.0,0.0,0.13,0.0,34.4,42.0,0.0,927.0,36.0,20.0,283.0,250.0,7.7,14.0,0.0,0.0,1.1,8.08,0.1,32.0,6.98,0.0,0.0,90.89,0.31,0.63,0,0,0,گریپ فروت
Green Beans,0.24,6.0,0.6,211.0,38.0,216.0,25.0,1.03,19.0,69.0,37.0,43.0,0.41,0.0,12.2,141.0,0.0,690.0,82.0,104.0,225.0,734.0,15.3,50.0,0.0,0.0,2.7,6.97,0.22,31.0,3.26,0.0,0.0,90.32,0.66,1.83,0,0,0,لوبیا سبز
Green Cabbage,0.18,18.0,0.3,170.0,26.0,160.0,12.0,0.47,1.0,19.0,40.0,76.0,0.15,0.0,36.6,124.0,0.0,98.0,61.0,40.0,212.0,234.0,10.7,34.0,0.0,0.0,2.5,5.8,0.1,25.0,3.2,11.0,0.0,92.18,0.64,1.28,0,0,0,کلم سبز
Green Tea,0.01,1.0,0.0,8.0,0.0,184.0,1.0,0.02,0.0,4.0,0.0,0.0,0.0,0.0,0.0,5.0,0.0,0.0,7.0,58.0,0.0,30.0,0.0,0.0,0.0,0.0,0.0,0.0,0.0,1.0,0.0,0.0,12.0,99.93,0.0,0.22,0,0,0,چای سبز
Half & Half.Cream.Fluid,0.39,61.0,3.2,132.0,95.0,5.0,10.0,0.05,3.0,9.0,107.0,1.3,0.25,0.0,0.9,50.0,0.19,354.0,30.0,194.0,539.0,109.0,18.7,7.032,464.0,0.0,0.0,4.3,11.5,131.0,4.13,35.0,0.0,80.57,0.51,3.13,0,0,0,Half & Half.Cream.Fluid
Hazelnuts,2.45,0.0,2.4,680.0,290.0,6.175,163.0,4.7,0.0,1.725,114.0,14.2,15.03,0.0,6.3,563.0,0.0,20.0,643.0,113.0,918.0,1.8,45.6,4.464,0.0,0.0,9.7,16.7,60.75,628.0,4.34,110.0,0.0,5.31,2.29,14.95,0,0,0,فندق
Heavy Cream,0.24,27.0,3.0,95.0,58.0,6.0,7.0,0.1,3.0,11.0,66.0,3.2,0.92,1.6,0.6,35.0,0.16,1470.0,20.0,188.0,495.0,64.0,16.8,23.032,1.236,0.0,0.0,2.84,36.08,340.0,2.92,113.0,0.0,57.71,0.53,2.84,0,0,0,کرم سنگین
Herbals.Brewed,0.04,1.0,0.0,9.0,0.0,44.0,1.0,0.08,0.0,15.0,2.0,0.0,0.0,0.0,0.0,0.0,0.0,0.0,10.0,4.0,11.0,0.0,0.4,2.0,0.0,0.0,0.0,0.2,0.0,1.0,0.0,0.0,0.0,99.7,0.0,0.0,0,0,0,گیاهان دارویی.دم کرده
Honey,0.22,4.0,0.8,52.0,4.0,80.0,2.0,0.42,7.0,36.0,6.0,0.0,0.0,0.0,0.5,24.0,0.0,0.0,0.0,38.0,68.0,121.0,2.2,0.0,0.0,0.0,0.2,82.4,0.0,304.0,82.12,0.0,0.0,17.1,0.2,0.3,0,0,0,عزیزم
Iceberg Lettuce,0.15,10.0,0.1,141.0,20.0,125.0,7.0,0.41,0.0,25.0,18.0,24.1,0.18,0.0,2.8,42.0,0.0,502.0,41.0,25.0,91.0,123.0,6.7,18.0,0.0,0.0,1.2,2.97,0.14,14.0,1.97,10.0,0.0,95.64,0.36,0.9,0,0,0,کاهو یخ
InstantCoffee.Powdered,0.35,37.0,12.6,3535.0,303.0,1.712,327.0,4.41,0.0,139.0,141.0,1.9,0.0,0.0,0.0,29.0,0.0,0.0,8.0,74.0,97.0,28.173,101.9,197.0,0.0,0.0,0.0,75.4,0.5,353.0,0.0,0.0,3142.0,3.1,8.8,12.2,0,0,0,قهوه فوری.پودر شده
Iranian Cheese,0.0,0.0,0.0,0.0,0.0,0.0,0.0,0.0,0.0,0.0,0.0,0.0,0.0,0.0,0.0,0.0,0.0,0.0,0.0,0.0,0.0,0.0,0.0,0.0,0.0,0.0,0.0,1.0,15.75,201.0,4.2,0.0,0.0,1.0,1.0,1.0,0,0,0,پنیر ایرانی
Jam & Preserves,0.06,32.0,2.0,77.0,19.0,40.0,4.0,0.49,19.0,100.0,20.0,0.0,0.12,0.0,8.8,20.0,0.0,0.0,16.0,76.0,20.0,36.0,10.2,10.0,0.0,0.0,1.1,68.86,0.07,278.0,48.5,12.0,0.0,30.47,0.23,0.37,0,0,0,مربا و کنسرو
Java-Plum,0.0,14.0,0.0,79.0,17.0,0.0,15.0,0.19,0.0,0.0,19.0,0.0,0.0,0.0,14.3,38.0,0.0,3.0,6.0,12.0,0.0,260.0,0.0,0.0,0.0,0.0,0.0,15.56,0.23,60.0,0.0,0.0,0.0,83.13,0.36,0.72,0,0,0,جاوا-آلو
JellyBeans,0.05,50.0,1.1,37.0,4.0,35.0,2.0,0.13,0.0,28.0,3.0,0.0,0.0,0.0,0.0,4.0,0.0,0.0,4.0,11.0,9.0,8.0,0.0,0.0,0.0,0.0,0.2,93.55,0.05,375.0,70.0,0.0,0.0,6.3,0.1,0.0,0,0,0,لوبیا ژله ای
Jujube,0.05,3.0,0.0,250.0,23.0,84.0,10.0,0.48,0.0,73.0,21.0,0.0,0.0,0.0,69.0,81.0,0.0,40.0,20.0,40.0,0.0,900.0,0.0,0.0,0.0,0.0,0.0,20.23,0.2,79.0,0.0,0.0,0.0,77.86,0.51,1.2,0,0,0,عناب
Ketchup Sauce,0.0,907.0,0.0,315.0,0.0,0.0,3.0,2.0,0.0,0.0,1.0,0.0,0.0,0.0,6.0,10.0,0.0,10.0,0.0,0.0,0.0,0.0,0.0,100.0,0.0,0.0,0.0,26.0,0.2,112.0,22.0,0.0,0.0,1.0,1.0,1.3,0,0,0,سس سس کچاپ
Kidney Beans(Red),2.79,12.0,3.2,1359.0,406.0,1.111,138.0,6.69,2.2,699.0,83.0,5.6,0.21,0.0,4.5,397.0,0.0,0.0,608.0,215.0,780.0,2.11,65.9,154.0,0.0,0.0,15.2,61.29,1.06,337.0,2.1,0.0,0.0,11.75,3.37,22.53,0,0,0,لوبیا قرمز(قرمز)
Kit-Kat(Fingers),0.0,0.0,0.0,0.0,0.0,0.0,0.0,0.0,0.0,0.0,0.0,0.0,0.0,0.0,0.0,0.0,0.0,0.0,0.0,0.0,0.0,0.0,0.0,13.7,0.0,0.0,2.1,62.7,24.5,502.0,51.0,0.0,0.0,1.0,1.0,6.7,0,0,0,کیت کت(انگشتان)
KiwiFruit,0.14,3.0,0.2,312.0,34.0,98.0,17.0,0.31,0.0,130.0,34.0,40.3,1.46,0.0,92.7,63.0,0.0,87.0,27.0,25.0,183.0,341.0,7.8,29.0,0.0,0.0,3.0,14.66,0.52,61.0,8.99,0.0,0.0,83.07,0.61,1.14,0,0,0,کیوی میوه
Kumquats,0.17,10.0,0.0,186.0,19.0,135.0,20.0,0.86,0.0,95.0,62.0,0.0,0.15,0.0,43.9,36.0,0.0,290.0,37.0,90.0,208.0,429.0,8.4,103.0,0.0,0.0,6.5,15.9,0.86,71.0,9.36,0.0,0.0,80.85,0.52,1.88,0,0,0,کامکوات
Lamb.Bone-in.LegChop(Raw),2.8,59.0,3.0,315.0,177.0,7.0,21.0,1.49,0.0,105.0,10.0,0.0,0.26,0.0,0.0,123.0,1.46,29.0,163.0,153.0,494.0,4.635,1.0,5.902,739.0,0.0,0.0,0.13,14.52,206.0,0.0,67.0,0.0,66.75,0.95,18.64,0,0,0,بره. استخوان بره. پاجوش(خام)
Lamb.Brains(Raw),1.1,117.0,13.5,307.0,327.0,31.0,14.0,1.07,0.0,298.0,4.0,0.0,0.87,0.0,0.0,87.0,9.99,10.0,102.0,203.0,1.938,3.812,1.0,1.035,25.0,0.0,0.0,0.0,8.03,118.0,0.0,2100.0,0.0,78.52,2.52,11.33,0,0,0,مغز بره(خام)
Lamb.Breast(Raw),2.93,107.0,4.0,293.0,180.0,7.0,21.0,1.15,0.0,89.0,13.0,0.0,0.31,0.0,0.0,143.0,1.96,31.0,55.0,159.0,532.0,4.949,1.0,2.738,220.0,0.0,0.0,1.02,7.98,149.0,0.0,65.0,0.0,71.69,1.0,18.31,0,0,0,سینه بره(خام)
Lamb.Chump(Raw),2.89,62.0,4.4,346.0,201.0,13.0,24.0,1.52,0.0,140.0,4.0,0.0,0.32,0.0,0.0,150.0,2.06,15.0,154.0,128.0,807.0,5.256,1.0,1.265,77.0,0.0,0.0,0.0,3.83,121.0,0.0,65.0,0.0,74.58,1.24,21.68,0,0,0,گوشت بره(خام)
Lamb.Flap(Raw),2.35,69.0,3.1,240.0,129.0,2.0,15.0,0.84,0.0,54.0,6.0,0.0,0.58,0.1,0.0,91.0,1.6,68.0,58.0,106.0,368.0,3.501,1.0,12.704,1.482,0.0,0.0,0.27,30.14,337.0,0.0,64.0,0.0,54.39,0.74,16.17,0,0,0,Lamb.Flap(خام)
Lamb.Fore-Shank(Raw),4.28,82.0,7.0,309.0,170.0,9.0,20.0,1.37,0.0,86.0,7.0,0.0,0.18,0.0,0.0,101.0,2.21,10.0,101.0,103.0,467.0,4.465,1.0,1.278,86.0,0.0,0.0,0.0,3.77,122.0,0.0,65.0,0.0,74.49,1.02,22.05,0,0,0,Lamb.For-Shank(خام)
Lamb.Ground(Raw),3.41,59.0,18.8,222.0,157.0,19.0,21.0,1.55,0.0,101.0,16.0,3.6,0.2,0.1,0.0,130.0,2.31,0.0,110.0,210.0,650.0,5.96,69.3,10.19,0.0,0.0,0.0,0.0,23.41,282.0,0.0,73.0,0.0,59.47,0.87,16.56,0,0,0,Lamb.Ground(خام)
Lamb.Heart(Raw),1.65,94.0,10.9,277.0,204.0,22.0,20.0,3.29,0.0,412.0,5.0,0.0,0.65,0.0,0.0,144.0,8.4,18.0,520.0,537.0,2.244,5.757,1.0,995.0,78.0,0.0,0.0,0.0,3.68,105.0,0.0,119.0,0.0,77.84,1.13,18.09,0,0,0,بره.قلب(خام)
Lamb.Kidney(Raw),1.81,168.0,93.6,231.0,245.0,84.0,16.0,6.6,0.0,361.0,8.0,0.0,0.42,0.1,0.0,173.0,50.37,204.0,413.0,1.279,3.207,8.426,1.0,768.0,46.0,0.0,0.0,0.03,2.54,84.0,0.0,369.0,0.0,81.02,1.19,15.21,0,0,0,بره. کلیه(خام)
Lamb.Liver(Raw),3.4,59.0,11.1,285.0,381.0,330.0,18.0,4.6,0.0,11.4,4.0,0.0,0.86,0.0,0.0,218.0,59.0,51447.0,1.21,4.21,5.57,13.7,1.0,1.514,146.0,0.0,0.0,2.22,4.92,136.0,0.0,386.0,0.0,70.8,1.36,20.7,0,0,0,جگر بره(خام)
Lamb.Loin(Raw),2.09,60.0,2.9,368.0,217.0,10.0,26.0,1.55,0.0,127.0,4.0,0.0,0.34,0.0,0.0,175.0,1.12,6.0,72.0,162.0,543.0,6.338,1.0,1.289,71.0,0.0,0.0,0.0,3.99,122.0,0.0,66.0,0.0,74.37,1.17,21.44,0,0,0,کمر بره(خام)
Lamb.LoinChop(Raw),2.08,63.0,4.4,262.0,149.0,7.0,18.0,1.24,0.0,88.0,14.0,0.0,0.47,0.1,0.0,125.0,1.47,54.0,111.0,120.0,418.0,4.152,1.0,11.161,1.35,0.0,0.0,0.22,26.19,298.0,0.0,69.0,0.0,56.89,0.82,15.4,0,0,0,گوشت بره راسته(خام)
Lamb.Lungs(Raw),1.8,157.0,17.7,238.0,219.0,19.0,14.0,6.4,0.0,254.0,10.0,0.0,0.0,0.0,31.0,110.0,3.93,89.0,48.0,237.0,1.0,4.124,1.0,890.0,0.0,0.0,0.0,0.0,2.6,95.0,0.0,0.0,0.0,79.7,1.1,16.7,0,0,0,بره. ریه(خام)
Lamb.Neckchops(Raw),3.48,81.0,4.8,323.0,175.0,7.0,20.0,1.24,0.0,87.0,23.0,0.0,0.24,0.0,0.0,121.0,2.89,17.0,80.0,145.0,337.0,4.297,1.0,3.12,259.0,0.0,0.0,0.0,7.97,151.0,0.0,71.0,0.0,72.43,1.0,19.84,0,0,0,جوجه بره(خام)
Lamb.StewCubed(Raw),3.48,83.0,8.8,331.0,213.0,29.0,25.0,0.88,0.0,118.0,17.0,0.0,0.27,0.0,0.0,450.0,1.49,0.0,90.0,290.0,1.25,7.4,1.0,750.0,0.0,0.0,0.0,0.0,2.5,109.0,0.0,84.0,0.0,76.39,1.1,20.27,0,0,0,بره. خورش مکعبی(خام)
Lamb.Tenderloin(Raw),2.16,49.0,5.0,381.0,222.0,12.0,26.0,1.63,0.0,136.0,4.0,0.0,0.41,0.0,0.0,247.0,1.88,5.0,75.0,215.0,867.0,7.301,1.0,1.26,191.0,0.0,0.0,0.0,3.81,116.0,0.0,69.0,0.0,74.35,1.35,20.53,0,0,0,فیله بره(خام)
Lamb.Testes(Raw),1.14,119.0,26.2,265.0,179.0,29.0,11.0,1.14,0.0,910.0,5.0,0.0,0.31,0.0,0.0,33.0,9.89,34.0,315.0,241.0,872.0,1.744,1.0,793.0,25.0,0.0,0.0,0.14,2.38,68.0,0.0,393.0,0.0,85.01,1.08,11.4,0,0,0,بیضه بره(خام)
Lamb.Tongue(Raw),2.32,78.0,15.0,257.0,184.0,49.0,21.0,2.65,0.0,212.0,9.0,0.0,0.0,0.0,6.0,180.0,7.2,0.0,150.0,380.0,970.0,4.65,1.0,6.63,0.0,0.0,0.0,0.0,17.17,222.0,0.0,156.0,0.0,66.6,0.92,15.7,0,0,0,زبان بره(خام)
Leeks,0.12,20.0,1.0,180.0,35.0,481.0,28.0,2.1,0.0,120.0,59.0,47.0,0.92,0.0,12.0,233.0,0.0,1667.0,60.0,30.0,140.0,400.0,9.5,40.0,0.0,0.0,1.8,14.15,0.3,61.0,3.9,0.0,0.0,83.0,1.05,1.5,0,0,0,تره فرنگی
Lemon(No Peel),0.06,2.0,0.4,138.0,16.0,30.0,8.0,0.6,0.0,37.0,26.0,0.0,0.15,0.0,53.0,80.0,0.0,22.0,40.0,20.0,190.0,100.0,5.1,39.0,0.0,0.0,2.8,9.32,0.3,29.0,2.5,0.0,0.0,88.98,0.3,1.1,0,0,0,لیمو(بدون پوست)
Lemon(Peel),0.25,6.0,0.7,160.0,12.0,0.0,15.0,0.8,0.0,92.0,134.0,0.0,0.25,0.0,129.0,172.0,0.0,50.0,60.0,80.0,319.0,400.0,8.5,39.0,0.0,0.0,10.6,16.0,0.3,47.0,4.17,35.0,0.0,81.6,0.6,1.5,0,0,0,لیمو(پوست)
Lemon Juice,0.05,1.0,0.1,103.0,8.0,12.0,6.0,0.08,0.0,16.0,6.0,0.0,0.15,0.0,38.7,46.0,0.0,6.0,24.0,15.0,131.0,91.0,5.1,40.0,0.0,0.0,0.3,6.9,0.24,22.0,2.52,0.0,0.0,92.31,0.21,0.35,0,0,0,آب لیمو
Lentils,3.27,6.0,0.1,677.0,281.0,1.393,47.0,6.51,0.0,754.0,35.0,5.0,0.49,0.0,4.5,540.0,0.0,39.0,873.0,211.0,2.14,2.605,96.4,154.0,0.0,0.0,10.7,63.35,1.06,352.0,2.03,0.0,0.0,8.26,2.71,24.63,0,0,0,عدس
Lentils(Pink),3.6,7.0,0.0,668.0,294.0,1.716,59.0,7.39,0.0,1.303,48.0,0.0,0.0,0.0,1.7,403.0,0.0,58.0,510.0,106.0,348.0,1.495,90.0,379.0,0.0,0.0,10.8,63.1,2.17,358.0,0.0,114.0,0.0,7.82,3.0,23.91,0,0,0,عدس(صورتی)
Lime Juice,0.08,2.0,0.1,117.0,14.0,18.0,8.0,0.09,0.0,27.0,14.0,0.6,0.22,0.0,30.0,38.0,0.0,50.0,25.0,15.0,123.0,142.0,5.1,8.0,0.0,0.0,0.4,8.42,0.07,25.0,1.69,0.0,0.0,90.79,0.31,0.42,0,0,0,آبلیمو
Limes,0.11,2.0,0.4,102.0,18.0,8.0,6.0,0.6,0.0,65.0,33.0,0.6,0.22,0.0,29.1,43.0,0.0,50.0,30.0,20.0,217.0,200.0,5.1,22.0,0.0,0.0,2.8,10.54,0.2,30.0,1.69,0.0,0.0,88.26,0.3,0.7,0,0,0,لیموها
Macaroni.Enriched(Dry),0.76,43.0,0.0,285.0,116.0,3.846,46.0,4.28,0.0,200.0,34.0,0.0,0.0,0.0,0.0,129.0,0.0,160.0,1.032,525.0,752.0,7.328,1.0,150.0,0.0,0.0,4.3,74.88,1.04,367.0,0.0,0.0,0.0,9.89,1.05,13.14,0,0,0,ماکارونی غنی شده(خشک)
Mango,0.09,1.0,0.6,168.0,14.0,63.0,10.0,0.16,0.0,111.0,11.0,4.2,0.9,0.0,36.4,119.0,0.0,1082.0,28.0,38.0,197.0,669.0,7.6,92.0,0.0,0.0,1.6,14.98,0.38,60.0,13.66,0.0,0.0,83.46,0.36,0.82,0,0,0,انبه
Margarine,0.0,657.0,0.0,17.0,5.0,0.0,1.0,0.0,0.0,0.0,3.0,91.7,15.43,0.0,0.1,0.0,0.08,3571.0,0.0,0.0,85.0,0.0,12.4,14.224,5.827,0.0,0.0,0.75,80.17,713.0,0.0,407.0,0.0,17.07,1.78,0.22,0,0,0,مارگارین
Marshmalows,0.04,80.0,1.7,5.0,8.0,8.0,2.0,0.23,0.0,97.0,3.0,0.0,0.0,0.0,0.0,3.0,0.0,0.0,1.0,1.0,5.0,78.0,0.1,56.0,0.0,0.0,0.1,81.3,0.2,318.0,57.56,0.0,0.0,16.4,0.3,1.8,0,0,0,مارشمالو
Mayo Sauce,0.15,635.0,2.3,20.0,21.0,7.0,1.0,0.21,0.0,19.0,8.0,163.0,3.28,0.2,0.0,8.0,0.12,65.0,10.0,19.0,172.0,0.0,34.2,11.703,187.0,0.0,0.0,0.57,74.85,680.0,0.57,222.0,0.0,21.65,1.98,0.96,0,0,0,سس مایو
Melon(Cantaloupe),0.18,16.0,0.4,267.0,15.0,41.0,12.0,0.21,1.0,41.0,9.0,2.5,0.05,0.0,36.7,72.0,0.0,3382.0,41.0,19.0,105.0,734.0,7.6,51.0,0.0,0.0,0.9,8.16,0.19,34.0,7.86,10.0,0.0,90.15,0.65,0.84,0,0,0,خربزه(طالبی)
Melon(Honeydew),0.09,18.0,0.7,228.0,11.0,27.0,10.0,0.17,0.0,24.0,6.0,2.9,0.02,0.0,18.0,88.0,0.0,50.0,38.0,12.0,155.0,418.0,7.6,38.0,0.0,0.0,0.8,9.09,0.14,36.0,8.12,0.0,0.0,89.82,0.41,0.54,0,0,0,خربزه(عسلک)
Milk(1.5%),0.42,148.0,2.0,151.0,89.0,2.0,11.0,0.05,4.0,11.0,116.0,0.1,0.05,0.0,1.0,34.0,0.22,47.0,34.0,154.0,275.0,58.0,17.7,660.0,0.0,0.0,0.0,4.79,1.07,40.0,5.36,4.0,0.0,90.13,0.89,3.31,38900,950,41,شیر(1.5%)
Milk(3.5%),0.38,49.0,2.0,151.0,93.0,4.0,13.0,0.05,0.0,10.0,119.0,0.0,0.0,0.0,1.5,42.0,0.36,138.0,38.0,161.0,313.0,84.0,1.0,2.278,0.0,0.0,0.0,4.65,3.66,64.0,0.0,14.0,0.0,87.69,0.72,3.28,0,0,0,شیر(3.5%)
Milk Chocolate,2.3,79.0,4.5,372.0,208.0,471.0,63.0,2.35,5.0,491.0,189.0,5.7,0.51,0.0,0.0,36.0,0.75,195.0,112.0,298.0,472.0,386.0,46.1,18.509,0.0,0.0,3.4,59.4,29.66,535.0,51.5,72.0,20.0,1.5,1.78,7.65,0,0,0,شکلات شیری
Min,0.0,29.7,0.0,564.3,72.6,0.0,79.2,6.6,0.0,0.0,240.9,0.0,0.0,0.0,33.0,0.0,0.0,4191.0,0.0,0.0,0.0,3.3,0.0,0.0,0.0,0.0,6.6,13.2,0.0,70.0,0.0,13.2,0.0,79.2,3.3,3.3,0,0,0,نعناع
Mulberries,0.12,10.0,0.6,194.0,38.0,0.0,18.0,1.85,0.0,60.0,39.0,7.8,0.87,0.0,36.4,50.0,0.0,25.0,29.0,101.0,0.0,620.0,12.3,27.0,0.0,0.0,1.7,9.8,0.39,43.0,8.1,0.0,0.0,87.68,0.69,1.44,0,0,0,توت
Mung Beans,2.68,15.0,8.2,1246.0,367.0,1.035,189.0,6.74,0.0,941.0,132.0,9.0,0.51,0.0,4.8,382.0,0.0,114.0,621.0,233.0,1.91,2.251,97.9,348.0,0.0,0.0,16.3,62.62,1.15,347.0,6.6,23.0,0.0,9.05,3.32,23.86,0,0,0,ماش
Mushroom,0.52,5.0,9.3,318.0,86.0,47.0,9.0,0.5,0.0,318.0,3.0,0.0,0.01,0.2,2.1,104.0,0.04,0.0,81.0,402.0,1.497,3.607,17.3,50.0,0.0,0.0,1.0,3.26,0.34,22.0,1.98,2.0,0.0,92.45,0.85,3.09,0,0,0,قارچ
Mustard(Dijon),0.6,1000.0,32.9,0.0,106.0,400.0,49.0,1.5,1.5,100.0,58.0,1.8,0.4,0.0,1.5,100.0,0.0,4.0,300.0,0.0,0.0,500.0,22.4,200.0,0.0,0.0,3.3,7.5,6.0,100.0,0.0,0.0,0.0,82.7,3.35,4.0,0,0,0,خردل(دیژون)
Mustard(Yellow),0.64,1104.0,33.5,152.0,108.0,422.0,48.0,1.61,1.5,74.0,63.0,1.4,0.36,0.0,0.3,70.0,0.0,109.0,177.0,70.0,254.0,565.0,22.4,214.0,9.0,0.0,4.0,5.83,3.34,60.0,0.92,0.0,0.0,83.72,3.37,3.74,0,0,0,خردل(زرد)
MustardSeed.Ground,6.08,13.0,208.1,738.0,828.0,2.448,370.0,9.21,0.0,645.0,266.0,5.4,5.07,0.0,7.1,397.0,0.0,31.0,805.0,261.0,810.0,4.733,122.7,1.989,0.0,0.0,12.2,28.09,36.24,508.0,6.79,118.0,0.0,5.27,4.33,26.08,0,0,0,دانه خردل.زمین
Navy Beans(white),3.65,5.0,11.0,1185.0,407.0,1.418,175.0,5.49,0.0,834.0,147.0,2.5,0.02,0.0,0.0,428.0,0.0,0.0,775.0,164.0,744.0,2.188,87.4,170.0,0.0,0.0,15.3,60.75,1.5,337.0,3.88,0.0,0.0,12.1,3.32,22.33,0,0,0,لوبیا دریایی(سفید)
Nectarine,0.17,0.0,0.0,201.0,26.0,54.0,9.0,0.28,0.0,86.0,6.0,2.2,0.77,0.0,5.4,25.0,0.0,332.0,34.0,27.0,185.0,1.125,6.2,25.0,0.0,0.0,1.7,10.55,0.32,44.0,7.89,0.0,0.0,87.59,0.48,1.06,0,0,0,شلیل
Nutmeg,2.15,16.0,1.6,350.0,213.0,2.9,183.0,3.04,0.0,1.027,184.0,0.0,0.0,0.0,3.0,160.0,0.0,102.0,346.0,57.0,0.0,1.299,8.8,25.94,0.0,0.0,20.8,49.29,36.31,525.0,2.99,62.0,0.0,6.23,2.34,5.84,0,0,0,جوز هندی
Oil.Frying,0.0,0.0,0.0,0.0,0.0,0.0,0.0,0.0,0.0,0.0,0.0,71.3,17.46,0.0,0.0,0.0,0.0,0.0,0.0,0.0,0.0,0.0,0.2,7.758,1.771,0.0,0.0,0.0,100.0,884.0,0.0,0.0,0.0,0.0,0.0,0.0,0,0,0,روغن.سرخ کردن
Oil.Olive,0.0,2.0,0.0,1.0,0.0,0.0,0.0,0.56,0.0,0.0,1.0,60.2,14.35,0.0,0.0,0.0,0.0,0.0,0.0,0.0,0.0,0.0,0.3,13.808,0.0,0.0,0.0,0.0,100.0,884.0,0.0,221.0,0.0,0.0,0.0,0.0,0,0,0,روغن.زیتون
Oil.Vegetable,0.0,0.0,0.0,0.0,0.0,0.0,0.0,0.0,0.0,0.0,0.0,0.0,3.81,0.0,0.0,0.0,0.0,0.0,0.0,0.0,0.0,0.0,0.2,81.5,0.0,0.0,0.0,0.0,100.0,862.0,0.0,95.0,0.0,0.0,0.0,0.0,0,0,0,روغن.نباتی
Olives,0.04,1556.0,0.9,42.0,4.0,0.0,11.0,0.49,0.0,120.0,52.0,1.4,3.81,0.0,0.0,31.0,0.0,393.0,21.0,7.0,23.0,237.0,14.2,2.029,0.0,0.0,3.3,3.84,15.32,145.0,0.54,0.0,0.0,75.28,4.53,1.03,0,0,0,زیتون
Onion,0.17,4.0,0.5,146.0,29.0,129.0,10.0,0.21,1.1,39.0,23.0,0.4,0.02,0.0,7.4,120.0,0.0,2.0,46.0,27.0,123.0,116.0,6.1,42.0,0.0,0.0,1.7,9.34,0.1,40.0,4.24,15.0,0.0,89.11,0.35,1.1,0,0,0,پیاز
Onion Powder,4.05,73.0,14.3,985.0,322.0,1.3,113.0,3.9,0.0,590.0,384.0,4.1,0.27,0.0,23.4,718.0,0.0,0.0,457.0,80.0,732.0,321.0,39.0,219.0,0.0,0.0,15.2,79.12,1.04,341.0,6.63,87.0,0.0,5.39,4.04,10.41,0,0,0,پودر پیاز
Orange(Valencia),0.06,0.0,0.0,179.0,17.0,23.0,10.0,0.09,0.0,37.0,40.0,0.0,0.0,0.0,48.5,63.0,0.0,230.0,87.0,40.0,250.0,274.0,3.1,35.0,0.0,0.0,2.5,11.89,0.3,49.0,0.0,0.0,0.0,86.34,0.42,1.04,0,0,0,نارنجی(والنسیا)
Orange Juice,0.05,1.0,0.1,200.0,17.0,14.0,11.0,0.2,0.0,44.0,11.0,0.1,0.04,0.0,50.0,40.0,0.0,200.0,90.0,30.0,190.0,400.0,6.2,24.0,0.0,0.0,0.2,10.4,0.2,45.0,8.4,0.0,0.0,88.3,0.4,0.7,0,0,0,آب پرتقال
Orange Peel,0.25,3.0,1.0,212.0,21.0,0.0,22.0,0.8,0.0,92.0,161.0,0.0,0.25,0.0,136.0,176.0,0.0,420.0,120.0,90.0,490.0,900.0,3.0,24.0,0.0,0.0,10.6,25.0,0.2,97.0,0.0,0.0,0.0,72.5,0.8,1.5,0,0,0,پوست پرتقال
Oregano,2.69,25.0,4.5,1260.0,148.0,4.99,270.0,36.8,0.0,633.0,1597.0,621.7,18.26,0.0,2.3,1.044,0.0,1701.0,177.0,528.0,921.0,4.64,32.3,1.551,0.0,0.0,42.5,68.92,4.28,265.0,4.09,203.0,0.0,9.93,7.87,9.0,0,0,0,پونه کوهی
Paprika,4.33,68.0,6.3,2280.0,314.0,1.59,178.0,21.14,0.0,713.0,229.0,80.3,29.1,0.0,0.9,2.141,0.0,49254.0,330.0,1.23,2.51,10.06,51.5,2.14,0.0,0.0,34.9,53.99,12.89,282.0,10.34,175.0,0.0,11.24,7.74,14.14,0,0,0,پاپریکا
Parsley(fresh),1.07,56.0,0.1,554.0,58.0,160.0,50.0,6.2,0.0,149.0,138.0,1640.0,0.75,0.0,133.0,90.0,0.0,8424.0,86.0,98.0,400.0,1.313,12.8,132.0,0.0,0.0,3.3,6.33,0.79,36.0,0.85,5.0,0.0,87.71,2.2,2.97,0,0,0,جعفری(تازه)
Parsley.Dried,5.44,452.0,14.1,2683.0,436.0,9.81,400.0,22.04,0.0,780.0,1140.0,1359.5,8.96,0.0,125.0,900.0,0.0,1939.0,196.0,2.383,1.062,9.943,97.1,1.378,0.0,0.0,26.7,50.64,5.48,292.0,7.27,0.0,0.0,5.89,11.36,26.63,0,0,0,جعفری.خشک شده
Pasta.Enriched(Dry),1.41,6.0,63.2,223.0,189.0,917.0,53.0,3.3,18.0,289.0,21.0,0.1,0.11,0.0,0.0,142.0,0.0,0.0,891.0,400.0,431.0,7.177,15.1,277.0,0.0,0.0,3.2,74.67,1.51,371.0,2.67,0.0,0.0,9.9,0.88,13.04,0,0,0,پاستا غنی شده(خشک)
Pasta.Gluten-free(Cooked),0.63,0.0,2.8,31.0,76.0,153.0,36.0,0.25,0.0,64.0,1.0,0.0,0.0,0.0,0.0,58.0,0.0,57.0,53.0,23.0,128.0,556.0,1.0,102.0,0.0,0.0,4.8,27.91,0.73,126.0,0.0,0.0,0.0,68.31,0.42,2.63,0,0,0,پاستا بدون گلوتن(پخته)
Pasta.Gluten-free(Dry),1.79,3.0,7.9,294.0,253.0,483.0,119.0,0.93,0.0,202.0,4.0,0.0,0.0,0.0,0.0,206.0,0.0,170.0,231.0,87.0,484.0,2.43,1.0,290.0,0.0,0.0,11.0,79.26,2.08,357.0,0.0,0.0,0.0,10.0,1.2,7.46,0,0,0,پاستا بدون گلوتن(خشک)
Pasta.ItalianLasagna(Dry),0.84,1850.0,24.9,277.0,124.0,582.0,37.0,2.87,0.0,154.0,52.0,12.9,0.81,0.0,0.9,160.0,0.19,141.0,700.0,427.0,600.0,5.577,9.7,443.0,89.0,0.0,2.8,73.77,1.97,356.0,11.27,1.0,0.0,7.94,5.41,10.9,0,0,0,پاستا.لازانیا ایتالیایی(خشک)
Pasta.Unenriched(Dry),1.41,6.0,63.2,223.0,189.0,917.0,53.0,1.3,0.0,289.0,21.0,0.1,0.11,0.0,0.0,142.0,0.0,0.0,90.0,60.0,431.0,1.7,1.0,277.0,0.0,0.0,3.2,74.67,1.51,371.0,2.67,0.0,0.0,9.9,0.88,13.04,0,0,0,پاستا.غنی نشده(خشک)
Pasta.Whole-Wheat(Cooked),1.34,4.0,36.3,96.0,127.0,1.321,54.0,1.72,0.0,225.0,13.0,0.6,0.23,0.0,0.0,93.0,0.0,4.0,156.0,99.0,268.0,3.126,6.5,243.0,0.0,0.0,3.9,30.07,1.71,149.0,0.75,0.0,0.0,61.8,0.44,5.99,0,0,0,پاستا. گندم کامل(پخته)
Pasta.Whole-Wheat(Dry),2.97,6.0,77.6,434.0,343.0,2.983,128.0,3.62,0.0,497.0,29.0,1.4,0.46,0.0,0.0,283.0,0.0,0.0,407.0,218.0,870.0,8.691,1.0,428.0,2.0,0.0,9.2,73.37,2.93,352.0,2.74,0.0,0.0,8.21,1.62,13.87,0,0,0,پاستا. گندم کامل(خشک)
Peach,0.17,0.0,0.1,190.0,20.0,61.0,9.0,0.25,4.0,68.0,6.0,2.6,0.73,0.0,6.6,25.0,0.0,326.0,24.0,31.0,153.0,806.0,6.1,19.0,0.0,0.0,1.5,9.54,0.25,39.0,8.39,10.0,0.0,88.87,0.43,0.91,0,0,0,هلو
Peanut,3.27,18.0,7.2,705.0,376.0,1.934,168.0,4.58,0.0,1.144,92.0,0.0,8.33,0.0,0.0,348.0,0.0,0.0,640.0,135.0,1.767,12.066,52.5,6.279,0.0,0.0,8.5,16.13,49.24,567.0,4.72,0.0,0.0,6.5,2.33,25.8,0,0,0,بادام زمینی
PeanutButter.NoSalt(Chunky),2.79,17.0,8.2,745.0,319.0,1.8,160.0,1.9,3.1,578.0,45.0,0.5,6.3,0.0,0.0,418.0,0.0,0.0,106.0,111.0,1.118,13.696,61.3,7.607,0.0,0.0,8.0,21.57,49.94,589.0,8.41,113.0,0.0,1.14,3.29,24.06,0,0,0,کره بادام زمینی بدون نمک(تخت)
PeanutButter.NoSalt(Smooth),2.51,17.0,4.1,558.0,335.0,1.665,168.0,1.74,0.0,422.0,49.0,0.3,9.1,0.0,0.0,441.0,0.0,0.0,150.0,192.0,1.137,13.112,63.0,10.325,75.0,0.0,5.0,22.31,51.36,598.0,10.49,0.0,0.0,1.23,2.89,22.21,0,0,0,کره بادام زمینی بدون نمک(صاف)
PeanutButter.Salt(Chunky),2.79,486.0,8.2,745.0,319.0,1.8,160.0,1.9,3.1,578.0,45.0,0.5,6.3,0.0,0.0,418.0,0.0,0.0,106.0,111.0,1.118,13.696,61.3,7.607,0.0,0.0,8.0,21.57,49.94,589.0,8.41,113.0,0.0,1.14,3.29,24.06,0,0,0,کره بادام زمینی نمک(چند)
PeanutButter.Salt(Smooth),2.51,426.0,4.1,558.0,335.0,1.665,168.0,1.74,0.0,422.0,49.0,0.3,9.1,0.0,0.0,441.0,0.0,0.0,150.0,192.0,1.137,13.112,63.0,10.325,0.0,0.0,5.0,22.31,51.36,598.0,10.49,0.0,0.0,1.23,2.89,22.21,0,0,0,کره بادام زمینی نمک(صاف)
Pear,0.1,1.0,0.1,116.0,12.0,480.0,7.0,0.18,2.2,82.0,9.0,4.4,0.12,0.0,4.3,29.0,0.0,25.0,12.0,26.0,49.0,161.0,5.1,22.0,0.0,0.0,3.1,15.23,0.14,57.0,9.75,8.0,0.0,83.96,0.32,0.36,0,0,0,گلابی
Pepper(Banana),25.0,13.0,0.3,256.0,32.0,100.0,17.0,0.46,0.0,94.0,14.0,9.5,0.69,0.0,82.7,357.0,0.0,340.0,81.0,54.0,265.0,1.242,7.4,48.0,0.0,0.0,3.4,5.35,0.45,27.0,1.95,6.0,0.0,91.81,0.73,1.66,0,0,0,فلفل(موز)
Pepper(Hot Chili.Green),0.3,7.0,0.5,340.0,46.0,237.0,25.0,1.2,0.0,174.0,18.0,14.3,0.69,0.0,242.5,278.0,0.0,1179.0,90.0,90.0,61.0,950.0,11.1,21.0,0.0,0.0,1.5,9.46,0.2,40.0,5.1,0.0,0.0,87.74,0.6,2.0,0,0,0,فلفل(فلفل تند.سبز)
Pepper(Hot Chili.Red),0.26,9.0,0.5,322.0,43.0,187.0,23.0,1.03,0.0,129.0,14.0,14.0,0.69,0.0,143.0,506.0,0.0,952.0,72.0,86.0,201.0,1.244,10.9,42.0,0.0,0.0,1.5,8.81,0.44,40.0,5.3,0.0,0.0,88.02,0.87,1.87,0,0,0,فلفل(فلفل تند.قرمز)
Pepper(jalapeno.canned),0.34,1671.0,0.4,193.0,18.0,114.0,15.0,1.88,0.0,146.0,23.0,12.9,0.69,0.0,10.0,190.0,0.0,1700.0,43.0,38.0,416.0,403.0,5.0,97.0,0.0,0.0,2.6,4.74,0.94,27.0,2.14,0.0,0.0,88.89,4.51,0.92,0,0,0,فلفل(jalapeno.کنسرو)
Pepper(Sweet.Green),0.13,3.0,0.0,175.0,20.0,122.0,10.0,0.34,2.0,66.0,10.0,7.4,0.37,0.0,80.4,224.0,0.0,370.0,57.0,28.0,99.0,480.0,5.5,58.0,0.0,0.0,1.7,4.64,0.17,20.0,2.4,9.0,0.0,93.89,0.43,0.86,0,0,0,فلفل(شیرین.سبز)
Pepper(Sweet.Red),0.25,4.0,0.1,211.0,26.0,112.0,12.0,0.43,0.0,17.0,7.0,4.9,1.58,0.0,127.7,291.0,0.0,3131.0,54.0,85.0,317.0,979.0,5.6,59.0,0.0,0.0,2.1,6.03,0.3,26.0,4.2,0.0,0.0,92.21,0.47,0.99,0,0,0,فلفل(شیرین.قرمز)
Pepper(Sweet.Yellow),0.17,2.0,0.3,212.0,24.0,117.0,12.0,0.46,0.0,107.0,11.0,0.0,0.0,0.0,183.5,168.0,0.0,200.0,28.0,25.0,168.0,890.0,5.0,31.0,0.0,0.0,0.9,6.32,0.21,27.0,0.0,0.0,0.0,92.02,0.45,1.0,0,0,0,فلفل(شیرین و زرد)
Peppermin,1.11,31.0,0.0,569.0,73.0,1.176,80.0,5.08,0.0,329.0,243.0,0.0,0.0,0.0,31.8,129.0,0.0,4248.0,82.0,266.0,338.0,1.706,1.0,246.0,0.0,0.0,8.0,14.89,0.94,70.0,0.0,13.0,0.0,78.65,1.76,3.75,0,0,0,نعناع فلفلی
Pineapple,0.12,1.0,0.1,109.0,8.0,927.0,12.0,0.29,0.0,110.0,13.0,0.7,0.02,0.0,47.8,112.0,0.0,58.0,79.0,32.0,213.0,500.0,5.5,9.0,0.0,0.0,1.4,13.12,0.12,50.0,9.85,6.0,0.0,86.0,0.22,0.54,0,0,0,آناناس
Pineapple(canned),0.1,1.0,0.4,122.0,6.0,1.121,14.0,0.28,4.2,86.0,14.0,0.3,0.01,0.0,9.5,74.0,0.0,38.0,95.0,19.0,100.0,284.0,4.8,6.0,0.0,0.0,0.8,15.7,0.08,60.0,14.45,0.0,0.0,83.51,0.3,0.42,0,0,0,آناناس(کنسرو شده)
Pink Beans,2.55,8.0,13.0,1464.0,415.0,1.376,182.0,6.77,0.0,810.0,130.0,5.7,0.21,0.0,0.0,527.0,0.0,0.0,772.0,192.0,997.0,1.892,67.2,292.0,0.0,0.0,12.7,64.19,1.13,343.0,2.14,0.0,0.0,1.06,3.66,20.96,0,0,0,لوبیا صورتی
Pinto Beans,2.28,12.0,27.9,1393.0,411.0,1.148,176.0,5.07,0.0,893.0,113.0,5.6,0.21,0.0,6.3,474.0,0.0,0.0,713.0,212.0,785.0,1.174,66.2,235.0,0.0,0.0,15.5,62.55,1.23,347.0,2.11,0.0,0.0,11.33,3.46,21.42,0,0,0,لوبیا چیتی
Pistachios,2.2,1.0,7.0,1025.0,490.0,1.2,121.0,3.92,3.4,1.3,105.0,0.0,2.86,0.0,5.6,1.7,0.0,516.0,870.0,160.0,520.0,1.3,1.0,5.907,0.0,0.0,10.6,27.17,45.32,560.0,7.66,427.0,0.0,4.37,2.99,20.16,0,0,0,پسته
Plum,0.1,0.0,0.0,157.0,16.0,52.0,7.0,0.17,2.0,57.0,6.0,6.4,0.26,0.0,9.5,29.0,0.0,345.0,28.0,26.0,135.0,417.0,1.9,17.0,0.0,0.0,1.4,11.42,0.28,46.0,9.92,7.0,0.0,87.23,0.37,0.7,0,0,0,آلو
Pomegranate,0.35,3.0,0.5,236.0,36.0,119.0,12.0,0.3,0.0,158.0,10.0,16.4,0.6,0.0,10.2,75.0,0.0,0.0,67.0,53.0,377.0,293.0,7.6,120.0,0.0,0.0,4.0,18.7,1.17,83.0,13.67,5.0,0.0,77.93,0.53,1.67,0,0,0,انار
Pomegranate Juice,0.09,9.0,0.3,214.0,11.0,95.0,7.0,0.1,0.0,21.0,11.0,10.4,0.38,0.0,0.1,40.0,0.0,0.0,15.0,15.0,285.0,233.0,4.8,77.0,0.0,0.0,0.1,13.13,0.29,54.0,12.65,0.0,0.0,85.95,0.49,0.15,0,0,0,آب انار
Pork(Bacon.Raw),1.14,751.0,20.1,201.0,166.0,12.0,13.0,0.38,0.0,46.0,6.0,0.0,0.4,0.4,0.0,266.0,0.5,37.0,276.0,81.0,555.0,4.022,47.8,12.615,147.0,0.0,0.0,0.0,37.13,393.0,0.35,66.0,0.0,46.74,2.59,13.66,0,0,0,گوشت خوک(بیکن. خام)
Pork(Belly.Raw),1.02,32.0,8.0,185.0,108.0,6.0,4.0,0.52,0.0,52.0,5.0,0.0,0.39,0.0,0.3,130.0,0.84,10.0,396.0,242.0,256.0,4.647,0.0,19.33,0.0,0.0,0.0,0.0,53.01,518.0,0.0,72.0,0.0,36.74,0.49,9.34,0,0,0,گوشت خوک(شکم. خام)
Pork(Ground.Raw),2.2,56.0,24.6,287.0,175.0,10.0,19.0,0.88,0.0,45.0,14.0,0.0,0.0,0.0,0.7,383.0,0.7,7.0,732.0,235.0,668.0,4.338,88.3,7.87,0.0,0.0,0.0,0.0,21.19,263.0,0.0,72.0,0.0,61.06,0.87,16.88,0,0,0,گوشت خوک(زمینی. خام)
Potato,0.29,16.0,0.3,407.0,62.0,145.0,21.0,0.52,0.0,116.0,9.0,1.6,0.01,0.0,9.1,203.0,0.0,8.0,71.0,34.0,281.0,1.066,11.0,26.0,0.0,0.0,2.4,15.71,0.1,69.0,1.15,0.0,0.0,81.58,0.94,1.68,70000,1000,70,سیب زمینی
Poultry Seasoning,3.14,27.0,7.2,684.0,171.0,6.857,224.0,35.3,0.0,843.0,996.0,805.4,1.32,0.0,12.0,1.32,0.0,2632.0,264.0,191.0,0.0,2.97,30.3,3.29,0.0,0.0,11.3,65.59,7.53,307.0,1.8,96.0,0.0,9.31,5.92,9.59,0,0,0,چاشنی مرغ
Pretzels,1.04,1240.0,4.4,223.0,128.0,1.015,29.0,4.58,0.0,156.0,27.0,2.8,0.47,0.0,2.1,74.0,0.0,0.0,424.0,332.0,322.0,5.27,29.5,391.0,4.0,0.0,3.4,80.39,2.93,384.0,2.21,0.0,0.0,3.13,3.51,10.04,0,0,0,چوب شور
Prunes,0.0,23.0,0.0,852.0,72.0,0.0,0.0,2.8,0.0,0.0,31.0,0.0,0.0,0.0,4.3,0.0,0.0,2000.0,40.0,0.0,430.0,2.5,0.0,16.0,0.0,0.0,3.3,65.1,0.2,257.0,39.0,0.0,0.0,30.0,2.6,2.1,0,0,0,آلو خشک
Pummelo,0.08,1.0,0.0,216.0,17.0,17.0,6.0,0.11,0.0,48.0,4.0,0.0,0.0,0.0,61.0,36.0,0.0,8.0,34.0,27.0,0.0,220.0,0.0,0.0,0.0,0.0,1.0,9.62,0.04,38.0,0.0,0.0,0.0,89.1,0.48,0.76,0,0,0,پوملو
Pumpkin,0.32,1.0,0.3,340.0,44.0,125.0,12.0,0.8,0.0,127.0,21.0,1.1,1.06,0.0,9.0,61.0,0.0,8513.0,50.0,110.0,298.0,600.0,8.2,52.0,0.0,0.0,0.5,6.5,0.1,26.0,2.76,12.0,0.0,91.6,0.8,1.0,0,0,0,کدو تنبل
PumpkinSeed.Kernels,7.81,7.0,9.4,809.0,1233.0,4.543,590.0,8.82,0.0,1.343,46.0,7.3,2.18,0.0,1.9,143.0,0.0,16.0,273.0,153.0,750.0,4.987,63.0,8.659,64.0,0.0,6.0,10.71,49.05,559.0,1.4,0.0,0.0,5.23,4.78,30.23,0,0,0,دانه کدو تنبل
Radish(Oriental),0.15,21.0,0.7,227.0,23.0,38.0,16.0,0.4,0.0,115.0,27.0,0.3,0.0,0.0,22.0,46.0,0.0,0.0,20.0,20.0,138.0,200.0,7.3,30.0,0.0,0.0,1.6,4.1,0.1,18.0,2.5,0.0,0.0,94.62,0.58,0.6,0,0,0,تربچه(شرقی)
Radish(White icicle),0.13,16.0,0.7,280.0,28.0,33.0,9.0,0.8,0.0,99.0,27.0,0.0,0.0,0.0,29.0,75.0,0.0,0.0,30.0,20.0,184.0,300.0,5.0,30.0,0.0,0.0,1.4,2.63,0.1,14.0,0.0,0.0,0.0,95.37,0.8,1.1,0,0,0,تربچه(یخ سفید)
Rasins,0.18,28.0,0.6,825.0,75.0,267.0,30.0,2.59,0.0,302.0,28.0,0.0,0.0,0.0,5.4,188.0,0.0,0.0,112.0,182.0,45.0,1.114,0.0,178.0,0.0,0.0,6.8,78.47,0.54,296.0,0.0,0.0,0.0,16.57,1.89,2.52,0,0,0,کشمش
RaspBerries,0.42,1.0,0.2,151.0,29.0,670.0,22.0,0.69,0.0,90.0,25.0,7.8,0.87,0.0,26.2,55.0,0.0,33.0,32.0,38.0,329.0,598.0,12.3,19.0,0.0,0.0,6.5,11.94,0.65,52.0,4.42,0.0,0.0,85.75,0.46,1.2,0,0,0,تمشک
Red Cabbage,0.22,27.0,0.6,243.0,30.0,243.0,16.0,0.8,0.0,17.0,45.0,38.2,0.11,0.0,57.0,209.0,0.0,1116.0,64.0,69.0,147.0,418.0,17.1,21.0,0.0,0.0,2.1,7.37,0.16,31.0,3.83,0.0,0.0,90.39,0.64,1.43,0,0,0,کلم قرمز
Red Grapes(Muscadine),0.11,1.0,0.0,203.0,24.0,1.973,14.0,0.26,0.0,119.0,37.0,0.0,0.0,0.0,6.5,0.0,0.0,67.0,0.0,1.5,0.0,0.0,1.2,0.0,0.0,0.0,3.9,13.93,0.47,57.0,8.16,0.0,0.0,84.29,0.5,0.81,0,0,0,انگور قرمز(Muscadine)
Red Pepper(Powder),4.3,2867.0,20.4,1950.0,300.0,1.7,149.0,17.3,0.0,1.0,330.0,105.7,38.14,0.0,0.7,2.094,0.0,29650.0,250.0,940.0,888.0,11.6,66.5,2.462,0.0,0.0,34.8,49.7,14.28,282.0,7.19,83.0,0.0,10.75,11.81,13.46,0,0,0,فلفل قرمز(پودر)
RedOak Lettuce,0.2,25.0,1.5,187.0,28.0,203.0,12.0,1.2,0.0,28.0,33.0,140.3,0.15,0.0,3.7,100.0,0.0,7492.0,64.0,77.0,144.0,321.0,11.8,28.0,0.0,0.0,0.9,2.26,0.22,13.0,0.48,0.0,0.0,95.64,0.55,1.33,0,0,0,کاهو RedOak
RegularCoffee.Instant,0.01,4.0,0.1,30.0,3.0,15.0,4.0,0.04,0.0,11.0,4.0,0.0,0.0,0.0,0.0,0.0,0.0,0.0,0.0,1.0,1.0,236.0,1.0,2.0,0.0,0.0,0.0,0.34,0.0,2.0,0.0,0.0,26.0,99.09,0.17,0.1,0,0,0,Regular Coffee.Instant
Rhubarb,0.1,4.0,1.1,288.0,14.0,196.0,12.0,0.22,0.0,21.0,86.0,29.3,0.27,0.0,8.0,24.0,0.0,102.0,20.0,30.0,85.0,300.0,6.1,53.0,0.0,0.0,1.8,4.54,0.2,21.0,1.1,0.0,0.0,93.61,0.76,0.9,0,0,0,ریواس
Rice flour,0.8,0.0,15.1,76.0,98.0,1.2,35.0,0.35,0.0,130.0,10.0,0.0,0.11,0.0,0.0,436.0,0.0,0.0,138.0,21.0,819.0,2.59,5.8,386.0,0.0,0.0,2.4,80.13,1.42,366.0,0.12,0.0,0.0,11.89,0.61,5.95,0,0,0,آرد برنج
Rice.Raw.Long.White,1.09,5.0,15.1,115.0,115.0,1.088,25.0,4.31,0.0,220.0,28.0,0.1,0.11,0.0,0.0,164.0,0.0,0.0,576.0,49.0,1.014,4.192,5.8,180.0,0.0,0.0,1.3,79.95,0.66,365.0,0.12,0.0,0.0,11.62,0.64,7.13,0,0,0,برنج.خام.بلند.سفید
Rice.Raw.Medium.Brown,2.02,4.0,0.0,268.0,264.0,3.743,143.0,1.8,0.0,277.0,33.0,0.0,0.0,0.0,0.0,509.0,0.0,0.0,413.0,43.0,1.493,4.308,0.0,536.0,0.0,0.0,3.4,76.17,2.68,362.0,0.0,0.0,0.0,12.37,1.27,7.5,0,0,0,برنج.خام.متوسط.قهوه ای
Rice.Raw.Medium.White,1.16,1.0,15.1,86.0,108.0,1.1,35.0,4.36,0.0,110.0,9.0,0.0,0.11,0.0,0.0,145.0,0.0,0.0,578.0,48.0,1.342,5.093,0.0,158.0,0.0,0.0,1.4,79.34,0.58,360.0,0.0,0.0,0.0,12.89,0.58,6.61,0,0,0,برنج.خام.متوسط.سفید
Rice.Raw.Short.White,1.1,1.0,0.0,76.0,95.0,1.037,23.0,0.8,0.0,210.0,3.0,0.0,0.0,0.0,0.0,171.0,0.0,0.0,70.0,48.0,1.287,1.6,0.0,140.0,0.0,0.0,0.0,79.15,0.52,358.0,0.0,0.0,0.0,13.29,0.54,6.5,0,0,0,برنج.خام.کوتاه.سفید
Rolled Oats,3.2,3.0,28.9,358.0,458.0,4.3,270.0,4.64,0.0,370.0,47.0,2.0,0.42,0.0,0.0,100.0,0.0,0.0,540.0,120.0,710.0,820.0,25.8,1.11,0.0,0.0,9.4,68.18,6.87,371.0,1.42,0.0,0.0,9.37,1.87,13.7,0,0,0,جو دوسر نورد شده
Romain(cos) Lettuce,0.23,8.0,0.4,247.0,30.0,155.0,14.0,0.97,0.0,48.0,33.0,102.5,0.13,0.0,4.0,74.0,0.0,8710.0,72.0,67.0,142.0,313.0,9.9,39.0,0.0,0.0,2.1,3.29,0.3,17.0,1.19,0.0,0.0,94.61,0.58,1.23,0,0,0,کاهو رومن(cos)
Rosemary(Fresh),0.93,26.0,0.0,668.0,66.0,960.0,91.0,6.65,0.0,301.0,317.0,0.0,0.0,0.0,21.8,336.0,0.0,2924.0,36.0,152.0,804.0,912.0,1.0,2.838,0.0,0.0,14.1,20.7,5.86,131.0,0.0,44.0,0.0,67.77,2.35,3.31,0,0,0,رزماری(تازه)
Rosemary.Dried,3.23,50.0,4.6,955.0,70.0,1.867,220.0,29.25,0.0,550.0,1280.0,0.0,0.0,0.0,61.2,1.74,0.0,3128.0,514.0,428.0,0.0,1.0,1.0,7.371,0.0,0.0,42.6,64.06,15.22,331.0,0.0,58.0,0.0,9.31,6.53,4.88,0,0,0,رزماری.خشک شده
Saffron,1.09,148.0,5.6,1724.0,252.0,28.408,264.0,11.1,0.0,328.0,111.0,0.0,0.0,0.0,80.8,1.01,0.0,530.0,115.0,267.0,0.0,1.46,1.0,1.586,0.0,0.0,3.9,65.37,5.85,310.0,0.0,0.0,0.0,11.9,5.45,11.43,0,0,0,زعفران
Salami.Beef(Cooked),1.77,1140.0,14.6,188.0,205.0,46.0,13.0,2.2,41.2,190.0,6.0,1.3,0.19,1.2,0.0,180.0,3.06,0.0,103.0,189.0,950.0,3.238,57.5,9.865,0.0,0.0,0.0,1.9,22.2,261.0,1.5,71.0,0.0,60.0,3.3,12.6,0,0,0,سالامی گوشت گاو(پخته)
Salt(table),0.1,38758.0,0.1,8.0,0.0,100.0,1.0,0.33,2.0,30.0,24.0,0.0,0.0,0.0,0.0,0.0,0.0,0.0,0.0,0.0,0.0,0.0,0.0,0.0,0.0,0.0,0.0,0.0,0.0,0.0,0.0,0.0,0.0,0.2,99.8,0.0,0,0,0,نمک(سفره)
Seasame Paste,7.29,12.0,35.5,582.0,659.0,2.54,362.0,19.2,0.0,4.214,960.0,0.0,0.0,0.0,0.0,816.0,0.0,50.0,240.0,200.0,52.0,6.7,1.0,7.124,0.0,0.0,5.5,24.05,50.87,586.0,0.0,0.0,0.0,1.6,5.4,18.08,0,0,0,خمیر کنجد
Shallots,0.4,12.0,1.2,334.0,60.0,292.0,21.0,1.2,0.0,88.0,37.0,0.8,0.04,0.0,8.0,345.0,0.0,4.0,60.0,20.0,290.0,200.0,11.3,17.0,0.0,0.0,3.2,16.8,0.1,72.0,7.87,5.0,0.0,79.8,0.8,2.5,0,0,0,موسیر
Smarties(M&M),0.0,68.0,0.0,0.0,0.0,0.0,0.0,1.23,0.0,0.0,116.0,0.0,0.0,0.0,0.6,0.0,0.0,224.0,0.0,0.0,0.0,0.0,0.0,14.466,184.0,0.0,2.7,68.4,23.36,502.0,62.54,15.0,0.0,1.19,1.4,4.78,0,0,0,اسمارتیز(M&M)
Soft Candy,0.0,166.7,0.0,0.0,0.0,0.0,0.0,0.0,0.0,0.0,0.0,0.0,0.0,0.0,0.0,0.0,0.0,0.0,0.0,0.0,0.0,0.0,0.0,11.1,0.0,0.0,0.0,77.8,11.1,444.0,50.0,0.0,0.0,1.0,1.0,0.0,0,0,0,آب نبات نرم
Sour Cherry,0.1,3.0,0.0,173.0,15.0,112.0,9.0,0.32,0.0,104.0,16.0,2.1,0.07,0.0,10.0,44.0,0.0,1283.0,30.0,40.0,143.0,400.0,6.1,68.0,0.0,0.0,1.6,12.18,0.3,50.0,8.49,0.0,0.0,86.13,0.4,1.0,0,0,0,آلبالو
Sour Cream,0.5,83.0,3.1,212.0,71.0,0.0,10.0,0.07,0.0,16.0,141.0,0.5,0.3,0.2,0.9,20.0,0.42,328.0,40.0,120.0,0.0,70.0,19.2,6.6,0.0,0.0,0.0,7.1,10.6,136.0,0.22,35.0,0.0,78.1,0.7,3.5,0,0,0,خامه ترش
Soy Beans,4.89,2.0,0.0,1797.0,704.0,2.517,280.0,15.7,0.0,1.658,277.0,47.0,0.85,0.0,6.0,377.0,0.0,1.0,874.0,870.0,793.0,1.623,115.9,2.884,0.0,0.0,9.3,30.16,19.94,446.0,7.33,0.0,0.0,8.54,3.0,36.0,0,0,0,دانه های سویا
Spearmin(Fresh),1.09,30.0,0.0,458.0,60.0,1.118,63.0,11.87,0.0,240.0,199.0,0.0,0.0,0.0,13.3,158.0,0.0,4054.0,78.0,175.0,250.0,948.0,1.0,191.0,0.0,0.0,6.8,8.41,0.73,44.0,0.0,10.0,0.0,85.55,2.03,3.29,0,0,0,نعناع(تازه)
Speramin.Dried,2.41,344.0,0.0,1924.0,276.0,11.482,602.0,87.47,0.0,1.542,1488.0,0.0,0.0,0.0,0.0,2.579,0.0,10579.0,288.0,1.421,1.399,6.561,1.0,1.577,0.0,0.0,29.8,52.04,6.03,285.0,0.0,82.0,0.0,11.3,10.7,19.93,0,0,0,اسپرامینت.خشک شده
Spinach,0.53,79.0,1.0,558.0,49.0,897.0,79.0,2.71,0.0,130.0,99.0,482.9,2.03,0.0,28.1,195.0,0.0,9377.0,78.0,189.0,65.0,724.0,19.3,63.0,0.0,0.0,2.2,3.63,0.39,23.0,0.42,9.0,0.0,91.4,1.72,2.86,0,0,0,اسفناج
Split Peas(Green),3.49,5.0,10.7,852.0,334.0,1.19,63.0,4.73,0.0,809.0,46.0,15.9,0.12,0.0,1.8,140.0,0.0,149.0,719.0,244.0,962.0,3.608,156.9,408.0,0.0,0.0,22.2,61.63,3.89,364.0,3.14,0.0,0.0,8.69,2.67,23.12,0,0,0,نخود خرد شده(سبز)
Spring Onions(Scallions),0.39,16.0,0.6,276.0,37.0,160.0,20.0,1.48,0.0,83.0,72.0,207.0,0.55,0.0,18.8,61.0,0.0,997.0,55.0,80.0,75.0,525.0,5.7,32.0,0.0,0.0,2.6,7.34,0.19,32.0,2.33,0.0,0.0,89.83,0.81,1.83,0,0,0,پیازچه(پیازچه)
Sprinkles,0.0,0.0,0.0,0.0,0.0,0.0,0.0,0.0,0.0,0.0,0.0,0.0,0.0,0.0,0.0,0.0,0.0,0.0,0.0,0.0,0.0,0.0,0.0,50.0,0.0,0.0,0.0,300.0,100.0,2000.0,1.0,0.0,0.0,1.0,1.0,0.0,0,0,0,پاشیده می شود
Sprite,0.04,9.0,0.0,1.0,0.0,2.0,1.0,0.11,55.9,1.0,2.0,0.0,0.0,0.0,0.0,0.0,0.0,0.0,0.0,0.0,0.0,15.0,0.4,0.0,0.0,0.0,0.0,10.14,0.02,40.0,8.98,0.0,0.0,89.78,0.01,0.05,0,0,0,جن
Squash(Zuccini),0.32,8.0,0.2,261.0,38.0,177.0,18.0,0.37,0.0,53.0,16.0,4.3,0.12,0.0,17.9,163.0,0.0,200.0,45.0,94.0,204.0,451.0,9.5,84.0,0.0,0.0,1.0,3.11,0.32,17.0,2.5,0.0,0.0,94.79,0.58,1.21,0,0,0,کدو حلوایی(زوچینی)
Strawberries,0.14,1.0,0.4,153.0,24.0,386.0,13.0,0.41,4.4,48.0,16.0,2.2,0.29,0.0,58.8,47.0,0.0,12.0,24.0,22.0,125.0,386.0,5.7,15.0,0.0,0.0,2.0,7.68,0.3,32.0,4.89,12.0,0.0,90.95,0.4,0.67,0,0,0,توت فرنگی
Sugar.Brown,0.03,28.0,1.2,133.0,4.0,64.0,9.0,0.71,0.0,47.0,83.0,0.0,0.0,0.0,0.0,41.0,0.0,0.0,0.0,0.0,132.0,110.0,2.3,0.0,0.0,0.0,0.0,98.09,0.0,380.0,97.02,0.0,0.0,1.34,0.45,0.12,0,0,0,شکر.قهوه ای
Sugar.Granulated,0.01,1.0,0.6,2.0,0.0,4.0,0.0,0.05,0.0,7.0,1.0,0.0,0.0,0.0,0.0,0.0,0.0,0.0,0.0,0.0,0.0,0.0,0.0,0.0,0.0,0.0,0.0,99.98,0.0,387.0,99.8,0.0,0.0,0.02,0.01,0.0,0,0,0,شکر.دانه
Sugar.Powdered,0.01,2.0,0.6,2.0,0.0,4.0,0.0,0.06,0.0,7.0,1.0,0.0,0.0,0.0,0.0,0.0,0.0,0.0,0.0,19.0,0.0,0.0,0.0,0.0,0.0,0.0,0.0,99.77,0.0,389.0,97.81,0.0,0.0,0.23,0.01,0.0,0,0,0,شکر.پودر شده
SunflowerSeed.Kernels,5.0,9.0,53.0,645.0,660.0,1.95,325.0,5.25,0.0,1.8,78.0,0.0,35.17,0.0,1.4,1.345,0.0,50.0,1.48,355.0,1.13,8.335,55.1,4.455,0.0,0.0,8.6,20.0,51.46,584.0,2.62,534.0,0.0,4.73,3.02,20.78,0,0,0,دانه آفتابگردان.مغز
Swedes,0.2,21.0,0.3,159.0,22.0,120.0,10.0,0.1,0.0,70.0,22.0,0.0,9.0,9.0,19.0,230.0,0.0,0.0,100.0,0.0,0.0,1.0,0.0,20.0,0.0,0.0,2.7,5.1,0.1,30.0,4.9,0.0,0.0,91.0,0.75,0.8,0,0,0,سوئدی ها
Sweet Corn,0.46,15.0,0.6,270.0,89.0,163.0,37.0,0.52,0.0,54.0,2.0,0.3,0.07,0.0,6.8,93.0,0.0,187.0,155.0,55.0,717.0,1.77,23.0,325.0,0.0,0.0,2.0,18.7,1.35,86.0,6.26,0.0,0.0,76.05,0.62,3.27,0,0,0,ذرت شیرین
Sweet Potatos,0.3,55.0,0.6,337.0,47.0,258.0,25.0,0.61,0.0,151.0,30.0,1.8,0.26,0.0,2.4,209.0,0.0,14187.0,78.0,61.0,800.0,557.0,12.3,18.0,0.0,0.0,3.0,20.12,0.05,86.0,4.18,12.0,0.0,77.28,0.99,1.57,0,0,0,سیب زمینی شیرین
Syrup.Caramel.Hershey,0.06,305.0,0.4,1.0,0.0,2.0,1.0,0.03,0.0,7.0,49.0,0.0,0.0,0.0,0.0,0.0,0.0,0.0,7.0,11.0,0.0,0.0,0.0,0.0,0.0,0.0,0.0,65.9,0.0,268.0,51.2,0.0,0.0,1.0,1.0,2.4,0,0,0,شربت.کارامل.هرشی
Syrup.Chocolate.Hershey,0.73,72.0,1.4,224.0,129.0,382.0,65.0,2.11,0.0,512.0,14.0,0.5,0.02,0.0,0.2,6.0,0.0,0.0,9.0,50.0,13.0,322.0,1.3,519.0,0.0,0.0,2.6,65.1,1.13,236.0,49.65,0.0,6.0,31.0,0.67,0.0,0,0,0,شربت.شکلات.هرشی
Syrup.CornLight,0.44,62.0,0.7,1.0,0.0,0.0,1.0,0.0,0.0,0.0,13.0,0.0,0.0,0.0,0.0,0.0,0.0,0.0,0.0,0.0,0.0,0.0,0.0,0.0,0.0,0.0,0.0,76.79,0.2,283.0,76.77,0.0,0.0,22.81,0.2,0.0,0,0,0,شربت.CornLight
Syrup.Fruit,0.06,0.0,0.4,1.0,0.0,2.0,1.0,0.03,0.0,7.0,0.0,0.0,0.0,0.0,0.0,0.0,0.0,0.0,7.0,11.0,0.0,0.0,0.0,0.0,0.0,0.0,0.0,65.1,0.02,261.0,65.0,0.0,0.0,34.82,0.06,0.0,0,0,0,شربت.میوه
Syrup.Maple,0.7,9.0,0.0,225.0,0.0,2.3,21.0,0.11,0.0,0.0,109.0,0.0,0.0,0.0,0.0,0.0,0.0,0.0,66.0,1.27,0.0,81.0,0.0,0.0,0.0,0.0,0.0,67.38,0.0,270.0,59.92,0.0,0.0,32.15,0.47,0.0,0,0,0,شربت.افرا
Syrup.Strawberry.Hershey,0.06,0.0,0.4,1.0,0.0,2.0,1.0,0.03,0.0,7.0,0.0,0.0,0.0,0.0,0.0,0.0,0.0,0.0,7.0,11.0,0.0,0.0,0.0,0.0,0.0,0.0,5.0,65.0,0.0,250.0,60.0,0.0,0.0,34.0,0.05,0.0,0,0,0,شربت.توت فرنگی.هرشی
Tabasco Sauce,0.16,633.0,0.5,128.0,23.0,107.0,12.0,1.16,0.0,75.0,12.0,0.2,0.01,0.0,4.5,154.0,0.0,1640.0,32.0,84.0,110.0,178.0,0.0,106.0,0.0,0.0,0.6,0.8,0.76,12.0,0.13,0.0,0.0,95.17,1.98,1.29,0,0,0,سس تاباسکو
Tamarind,0.1,28.0,1.3,628.0,113.0,0.0,92.0,2.8,0.0,86.0,74.0,2.8,0.1,0.0,3.5,66.0,0.0,30.0,428.0,1.52,114.0,1.938,8.6,272.0,0.0,0.0,5.1,62.5,0.6,239.0,38.8,0.0,0.0,31.4,2.7,2.8,0,0,0,تمرهندی
Tangerine,0.07,0.2,0.1,166.0,20.0,39.0,12.0,0.15,0.0,42.0,37.0,0.0,0.2,0.0,26.7,78.0,0.0,681.0,58.0,36.0,216.0,376.0,10.2,39.0,0.0,0.0,1.8,13.34,0.31,53.0,10.58,0.0,0.0,85.17,0.38,0.81,0,0,0,نارنگی
Thyme(Fresh),1.81,9.0,0.0,609.0,106.0,1.719,160.0,17.45,0.0,555.0,405.0,0.0,0.0,0.0,160.1,348.0,0.0,4751.0,48.0,471.0,409.0,1.824,1.0,467.0,0.0,0.0,14.0,24.45,1.68,101.0,0.0,0.0,0.0,65.11,3.2,5.56,0,0,0,آویشن(تازه)
Thyme.Dried,6.18,55.0,4.6,814.0,201.0,7.867,220.0,123.6,0.0,860.0,1890.0,1714.5,7.48,0.0,50.0,550.0,0.0,3800.0,513.0,399.0,0.0,4.94,43.6,2.73,0.0,0.0,37.0,63.94,7.43,276.0,1.71,163.0,0.0,7.79,11.74,9.11,0,0,0,آویشن.خشک شده
Tomato,0.17,5.0,0.0,237.0,24.0,114.0,11.0,0.27,2.3,59.0,10.0,7.9,0.54,0.0,13.7,80.0,0.0,833.0,37.0,19.0,89.0,594.0,6.7,28.0,0.0,0.0,1.2,3.89,0.2,18.0,2.63,7.0,0.0,94.52,0.5,0.88,62000,1000,62,گوجه فرنگی
Tonic(Sparkling Water),0.1,12.0,0.0,0.0,0.0,1.0,0.0,0.01,82.5,6.0,1.0,0.0,0.0,0.0,0.0,0.0,0.0,0.0,0.0,0.0,0.0,0.0,0.0,0.0,0.0,0.0,0.0,8.8,0.0,34.0,8.8,0.0,0.0,91.1,0.1,0.0,0,0,0,تونیک(آب گازدار)
Turkey Back(Raw),2.59,124.0,22.4,226.0,176.0,14.0,25.0,1.04,0.0,92.0,11.0,0.0,0.12,0.3,0.0,440.0,2.05,43.0,62.0,255.0,935.0,5.696,1.0,0.0,0.0,0.0,0.0,0.15,2.5,113.0,0.1,79.0,0.0,76.01,1.03,21.28,0,0,0,برگشت ترکیه(خام)
Turkey Breast(Raw),1.28,113.0,22.7,242.0,201.0,11.0,28.0,0.73,0.0,70.0,11.0,0.0,0.06,0.1,0.0,813.0,0.63,20.0,42.0,145.0,775.0,9.924,53.0,289.0,13.0,0.0,0.0,0.14,1.48,115.0,0.05,57.0,0.0,74.89,1.04,23.66,0,0,0,سینه بوقلمون(خام)
Turkey Dark Meat(Raw),2.59,124.0,22.4,226.0,176.0,14.0,25.0,1.04,0.0,92.0,11.0,0.0,0.12,0.3,0.0,440.0,2.05,43.0,62.0,255.0,935.0,5.696,69.6,683.0,0.0,0.0,0.0,0.15,2.5,108.0,0.1,79.0,0.0,76.01,1.03,21.28,0,0,0,گوشت تیره بوقلمون(خام)
Turkey Drumsticks(Raw),3.12,87.0,21.2,220.0,158.0,6.0,22.0,1.18,0.0,82.0,10.0,0.0,0.19,0.4,0.0,361.0,1.9,68.0,51.0,300.0,1.1,5.003,75.6,1.073,39.0,0.0,0.0,0.0,3.97,118.0,0.0,79.0,0.0,75.67,0.91,20.52,0,0,0,چوب بوقلمون(خام)
Turkey Gizzard(Raw),3.03,147.0,28.8,185.0,164.0,85.0,19.0,2.78,0.0,220.0,16.0,0.0,0.22,0.5,6.2,198.0,3.61,154.0,61.0,327.0,914.0,6.233,89.7,929.0,31.0,0.0,0.0,0.0,3.37,111.0,0.0,271.0,0.0,77.47,0.93,18.8,0,0,0,سنگدان بوقلمون(خام)
Turkey Heart(Raw),3.21,129.0,35.4,179.0,183.0,102.0,21.0,3.7,0.0,488.0,18.0,0.0,0.31,0.4,3.0,479.0,13.3,305.0,165.0,1.13,3.12,6.44,126.8,1.923,84.0,0.0,0.0,0.4,7.44,140.0,0.0,225.0,0.0,74.47,0.99,16.7,0,0,0,قلب بوقلمون(خام)
Turkey Leg(Raw),3.09,74.0,26.4,273.0,177.0,22.0,21.0,1.72,0.0,142.0,17.0,0.0,0.0,0.0,0.0,340.0,0.39,3.0,77.0,211.0,1.09,2.947,1.0,2.06,0.0,0.0,0.0,0.0,6.72,144.0,0.0,71.0,0.0,72.69,0.89,19.54,0,0,0,پای بوقلمون(خام)
Turkey Light Meat(Raw),1.28,113.0,22.7,242.0,201.0,11.0,28.0,0.73,0.0,70.0,11.0,0.0,0.06,0.1,0.0,813.0,0.63,20.0,42.0,145.0,775.0,9.924,53.0,289.0,13.0,0.0,0.0,0.14,1.48,114.0,0.05,57.0,0.0,74.89,1.04,23.66,0,0,0,گوشت سبک بوقلمون(خام)
Turkey Liver(Raw),3.37,131.0,68.7,214.0,279.0,296.0,24.0,8.94,0.0,863.0,20.0,0.0,0.24,1.3,24.5,1.04,19.73,26901.0,206.0,2.247,6.28,11.233,221.8,1.664,44.0,0.0,0.0,0.0,5.5,128.0,0.0,415.0,0.0,75.54,1.32,18.26,0,0,0,جگر بوقلمون(خام)
Turkey Neck(Raw),3.39,233.0,28.6,133.0,160.0,56.0,15.0,1.01,0.0,142.0,24.0,0.0,0.12,0.3,0.0,364.0,1.76,43.0,51.0,211.0,801.0,4.924,54.0,1.674,0.0,0.0,0.0,0.0,6.04,125.0,0.0,115.0,0.0,75.92,1.12,16.51,0,0,0,گردن بوقلمون(خام)
Turkey Thigh(Raw),2.6,75.0,19.8,239.0,161.0,6.0,20.0,1.31,0.0,76.0,4.0,0.0,0.16,0.5,0.0,419.0,2.13,97.0,53.0,268.0,1.179,5.599,69.9,2.386,106.0,0.0,0.0,0.0,9.16,161.0,0.0,83.0,0.0,71.28,0.94,19.54,0,0,0,ران بوقلمون(خام)
Turkey Whole(Raw),1.84,18.0,22.6,235.0,190.0,12.0,27.0,0.86,0.0,79.0,11.0,0.0,0.09,0.2,0.0,652.0,1.24,30.0,50.0,192.0,844.0,8.1,60.2,459.0,7.0,0.0,0.0,0.14,1.93,115.0,0.07,67.0,0.0,75.37,1.04,22.64,0,0,0,کل ترکیه(خام)
Turkey Wing(Raw),1.28,113.0,22.7,242.0,201.0,11.0,28.0,0.73,0.0,70.0,11.0,0.0,0.06,0.1,0.0,813.0,0.63,20.0,42.0,145.0,775.0,9.924,53.0,289.0,13.0,0.0,0.0,0.14,1.48,115.0,0.05,57.0,0.0,74.89,1.04,23.66,0,0,0,بال بوقلمون(خام)
Turkish Coffee,0.0,3.0,0.0,60.0,0.0,0.0,0.0,0.02,0.0,0.0,3.0,0.0,0.0,0.0,0.0,0.0,0.0,0.0,0.0,0.0,0.0,0.0,0.0,3.0,0.0,0.0,2.0,0.0,0.0,7.0,0.0,0.0,120.0,80.0,0.0,0.0,0,0,0,قهوه ترک
Turmeric.Ground,4.5,27.0,6.2,2080.0,299.0,19.8,208.0,55.0,0.0,1.3,168.0,13.4,4.43,0.0,0.7,107.0,0.0,0.0,58.0,150.0,542.0,1.35,49.2,1.838,56.0,0.0,22.7,67.14,3.25,312.0,3.21,0.0,0.0,12.85,7.08,9.68,0,0,0,زردچوبه.زمین
Turnips,0.27,67.0,0.7,191.0,27.0,134.0,11.0,0.3,0.0,85.0,30.0,0.1,0.03,0.0,21.0,90.0,0.0,0.0,40.0,30.0,200.0,400.0,11.1,11.0,0.0,0.0,1.8,6.43,0.1,28.0,3.8,7.0,0.0,91.87,0.7,0.9,0,0,0,شلغم
Vanilla(Extract),0.11,9.0,0.0,148.0,6.0,230.0,12.0,0.12,0.0,72.0,11.0,0.0,0.0,0.0,0.0,26.0,0.0,0.0,11.0,95.0,35.0,425.0,1.0,10.0,0.0,34.4,0.0,12.65,0.06,288.0,12.65,0.0,0.0,52.58,0.26,0.06,0,0,0,وانیل(عصاره)
Vanilla Ice Cream,0.69,80.0,1.8,199.0,105.0,8.0,14.0,0.09,15.4,23.0,128.0,0.3,0.3,0.2,0.6,48.0,0.39,421.0,41.0,240.0,581.0,116.0,26.0,6.79,0.0,0.0,0.7,23.6,11.0,207.0,21.22,44.0,0.0,61.0,0.9,3.5,0,0,0,بستنی وانیلی
Veal.Ground(Raw),2.51,103.0,13.1,198.0,197.0,8.0,31.0,1.37,0.0,88.0,12.0,1.4,0.49,1.3,0.0,446.0,2.28,0.0,113.0,280.0,670.0,5.52,96.5,5.108,696.0,0.0,0.0,0.0,13.06,197.0,0.0,49.0,0.0,66.16,0.93,18.58,0,0,0,گوشت گوساله چرخکرده(خام)
Veal.kidneys(Raw),1.97,178.0,80.0,272.0,241.0,80.0,16.0,3.36,0.0,494.0,11.0,0.0,0.0,0.0,5.0,370.0,28.2,308.0,320.0,1.9,3.3,6.99,1.0,960.0,0.0,0.0,0.0,0.85,3.12,99.0,0.0,364.0,0.0,79.07,1.2,15.76,0,0,0,گوساله. کلیه ها(خام)
Veal.Loin(Raw),2.15,99.0,18.0,260.0,237.0,14.0,47.0,0.85,0.0,88.0,11.0,1.1,0.27,1.2,0.0,683.0,2.65,0.0,86.0,310.0,690.0,7.25,110.5,1.121,113.0,0.0,0.0,0.0,2.9,114.0,0.0,55.0,0.0,74.79,1.04,21.85,0,0,0,گوشت گوساله راسته(خام)
Veal.Lungs(Raw),1.16,108.0,17.2,274.0,288.0,18.0,12.0,5.23,0.0,241.0,7.0,0.0,0.0,0.0,39.0,110.0,3.83,0.0,47.0,231.0,1.0,4.025,1.0,790.0,0.0,0.0,0.0,0.0,2.3,90.0,0.0,229.0,0.0,80.5,1.1,16.3,0,0,0,گوشت گوساله. ریه(خام)
Veal.Rib(Raw),3.24,89.0,8.2,290.0,184.0,27.0,22.0,0.86,0.0,102.0,13.0,0.0,0.21,0.0,0.0,420.0,1.29,0.0,70.0,230.0,1.13,6.68,1.0,3.71,0.0,0.0,0.0,0.0,9.01,162.0,0.0,82.0,0.0,71.15,0.97,18.86,0,0,0,دنده گوساله(خام)
Veal.Shank(Raw),3.42,109.0,13.0,163.0,212.0,10.0,33.0,1.19,0.0,103.0,11.0,0.9,0.15,0.7,0.0,403.0,1.92,0.0,84.0,390.0,660.0,5.37,99.9,639.0,74.0,0.0,0.0,0.0,1.64,94.0,0.0,62.0,0.0,77.96,0.98,19.77,0,0,0,گوشت گوساله(خام)
Veal.Shoulder(Raw),3.34,86.0,8.6,339.0,215.0,29.0,26.0,1.02,0.0,124.0,22.0,0.0,0.27,0.0,0.0,460.0,1.42,0.0,80.0,280.0,1.3,7.91,1.0,650.0,0.0,0.0,0.0,0.0,2.16,105.0,0.0,83.0,0.0,76.64,1.12,20.04,0,0,0,گوشت گوساله.شانه(خام)
Veal.Sirloin(Raw),2.73,80.0,8.7,348.0,220.0,29.0,26.0,0.8,0.0,116.0,11.0,0.0,0.25,0.0,0.0,520.0,1.34,0.0,80.0,310.0,1.45,8.97,1.0,780.0,0.0,0.0,0.0,0.0,2.59,110.0,0.0,79.0,0.0,75.94,1.09,20.2,0,0,0,گوشت گاو(خام)
Veal.StewCubed(Raw),3.48,83.0,8.8,331.0,213.0,29.0,25.0,0.88,0.0,118.0,17.0,0.0,0.27,0.0,0.0,450.0,1.49,0.0,90.0,290.0,1.25,7.4,1.0,750.0,0.0,0.0,0.0,0.0,2.5,109.0,0.0,84.0,0.0,76.39,1.1,20.27,0,0,0,گوشت گوساله. خورش مکعبی(خام)
Veal.Tongue(Raw),2.63,82.0,7.0,271.0,159.0,23.0,17.0,2.72,0.0,200.0,7.0,0.0,0.0,0.0,5.0,190.0,6.1,1.0,170.0,410.0,1.2,2.22,1.0,2.35,0.0,0.0,0.0,1.91,5.48,131.0,0.0,62.0,0.0,74.53,0.89,17.18,0,0,0,گوشت گوساله. زبان(خام)
Vinegar.Balsamic,0.08,23.0,0.0,112.0,19.0,131.0,12.0,0.72,0.0,26.0,27.0,0.0,0.0,0.0,0.0,0.0,0.0,0.0,0.0,0.0,0.0,0.0,0.0,0.0,0.0,0.0,0.0,17.03,0.0,88.0,14.95,0.0,0.0,76.45,0.37,0.49,0,0,0,سرکه.بالزامیک
Vinegar.Cider,0.04,5.0,0.1,73.0,8.0,249.0,5.0,0.2,0.0,8.0,7.0,0.0,0.0,0.0,0.0,0.0,0.0,0.0,0.0,0.0,0.0,0.0,0.0,0.0,0.0,0.0,0.0,0.93,0.0,21.0,0.04,0.0,0.0,93.81,0.17,0.0,0,0,0,سرکه.سیدر
Vinegar.Red,0.03,8.0,0.0,39.0,8.0,46.0,4.0,0.45,0.0,10.0,6.0,0.0,0.0,0.0,0.5,0.0,0.0,0.0,0.0,0.0,0.0,0.0,0.0,0.0,0.0,0.0,0.0,0.27,0.0,19.0,0.0,0.0,0.0,94.47,0.17,0.04,0,0,0,سرکه.قرمز
Vinegar.White,0.01,2.0,0.5,2.0,4.0,55.0,1.0,0.03,0.0,6.0,6.0,0.0,0.0,0.0,0.0,0.0,0.0,0.0,0.0,0.0,0.0,0.0,0.0,0.0,0.0,0.0,0.0,0.04,0.0,18.0,0.04,0.0,0.0,94.78,0.02,0.0,0,0,0,سرکه.سفید
Walnuts.BlackDried,3.37,2.0,17.0,523.0,513.0,3.896,201.0,3.12,0.0,1.36,61.0,2.7,2.08,0.0,1.7,583.0,0.0,40.0,57.0,130.0,1.66,470.0,32.1,3.483,0.0,0.0,6.8,9.58,59.33,619.0,1.1,120.0,0.0,4.56,2.47,24.06,0,0,0,گردو.سیاه خشک شده
Walnuts.Glazed,0.0,446.0,0.0,232.0,0.0,0.0,0.0,1.29,0.0,0.0,71.0,0.0,0.0,0.0,0.0,0.0,0.0,0.0,0.0,0.0,0.0,0.0,0.0,3.571,0.0,0.0,3.6,47.59,35.71,500.0,32.14,0.0,0.0,6.28,2.13,8.28,0,0,0,گردو.لعاب دار
Water,0.01,4.0,0.0,0.0,0.0,0.0,1.0,0.0,71.2,10.0,3.0,0.0,0.0,0.0,0.0,0.0,0.0,0.0,0.0,0.0,0.0,0.0,0.0,0.0,0.0,0.0,0.0,0.0,0.0,0.0,0.0,0.0,0.0,99.9,0.1,0.0,0,0,0,آب
Watermelon,0.1,1.0,0.4,112.0,11.0,38.0,10.0,0.24,1.5,42.0,7.0,0.1,0.05,0.0,8.1,45.0,0.0,569.0,33.0,21.0,221.0,178.0,4.1,16.0,0.0,0.0,0.4,7.55,0.15,30.0,6.2,2.0,0.0,91.45,0.25,0.61,0,0,0,هندوانه
WatermelonSeed.Kernels,10.24,99.0,0.0,648.0,755.0,1.614,515.0,7.28,0.0,686.0,54.0,0.0,0.0,0.0,0.0,89.0,0.0,0.0,190.0,145.0,346.0,3.55,1.0,9.779,0.0,0.0,0.0,15.31,47.37,557.0,0.0,0.0,0.0,5.05,3.94,28.33,0,0,0,هسته هندوانه
Wheat flour(All-purpose),0.7,2.0,33.9,107.0,108.0,682.0,22.0,1.17,0.0,144.0,15.0,0.3,0.06,0.0,0.0,44.0,0.0,0.0,120.0,40.0,438.0,1.25,10.4,155.0,0.0,0.0,2.7,76.31,0.98,364.0,0.27,0.0,0.0,11.92,0.47,10.33,0,0,0,آرد گندم(همه منظوره)
Whipped Cream,0.37,8.0,1.4,147.0,89.0,1.0,11.0,0.05,3.0,10.0,101.0,1.9,0.64,0.4,0.0,41.0,0.29,685.0,37.0,65.0,305.0,70.0,16.8,13.831,0.0,0.0,0.0,12.49,22.22,257.0,8.0,76.0,0.0,61.33,0.76,3.2,0,0,0,خامه فرم گرفته
White Beans(Cannelini),3.67,16.0,12.8,1795.0,301.0,1.796,190.0,10.44,0.0,984.0,240.0,5.6,0.21,0.0,0.0,318.0,0.0,0.0,437.0,146.0,732.0,479.0,66.2,219.0,0.0,0.0,15.2,60.27,0.85,333.0,2.11,0.0,0.0,11.32,4.2,23.36,0,0,0,لوبیا سفید(Cannelini)
White Chocolate,0.74,90.0,4.5,286.0,176.0,8.0,12.0,0.24,0.0,60.0,199.0,9.1,0.96,0.0,0.5,56.0,0.56,30.0,63.0,282.0,608.0,745.0,29.5,19.412,0.0,0.0,0.2,59.24,32.09,539.0,59.0,21.0,0.0,1.3,1.5,5.87,0,0,0,شکلات سفید
White Grapes,0.07,2.0,0.0,191.0,20.0,71.0,7.0,0.36,0.0,0.0,10.0,14.6,0.19,0.0,3.2,86.0,0.0,0.0,69.0,70.0,50.0,188.0,5.6,0.0,0.0,0.0,0.9,18.1,0.16,69.0,15.48,0.0,0.0,81.0,0.5,0.72,0,0,0,انگور سفید
White Pepper(Powder),1.13,5.0,3.1,73.0,176.0,4.3,90.0,14.31,0.0,910.0,265.0,0.0,0.0,0.0,21.0,100.0,0.0,0.0,22.0,126.0,0.0,212.0,1.0,626.0,0.0,0.0,26.2,68.61,2.12,296.0,0.0,55.0,0.0,11.42,1.59,10.4,0,0,0,فلفل سفید(پودر)
Yellow Beans,2.83,12.0,12.8,1042.0,488.0,1.286,222.0,7.01,0.0,639.0,166.0,0.0,0.0,0.0,0.0,442.0,0.0,6.0,690.0,330.0,734.0,2.43,60.0,671.0,0.0,0.0,25.1,60.7,2.6,345.0,1.0,0.0,0.0,11.1,3.6,22.0,0,0,0,لوبیا زرد
Yoghurt(1.5%),0.89,70.0,3.3,234.0,144.0,4.0,17.0,0.08,12.0,13.0,183.0,0.2,0.03,0.0,0.8,49.0,0.56,51.0,44.0,214.0,591.0,114.0,15.2,1.0,0.0,0.0,0.0,7.04,1.55,61.0,7.04,6.0,0.0,85.07,1.09,5.25,0,0,0,ماست(1.5%)
Yoghurt(3.5%),0.59,46.0,2.2,155.0,95.0,4.0,12.0,0.05,12.0,9.0,121.0,0.2,0.06,0.1,0.5,32.0,0.37,99.0,29.0,142.0,389.0,75.0,15.2,2.096,0.0,0.0,0.0,4.66,3.25,63.0,4.66,13.0,0.0,87.9,0.72,3.47,0,0,0,ماست(3.5%)
Yoghurt.Fruit,0.74,58.0,6.0,194.0,119.0,35.0,15.0,0.07,0.0,11.0,152.0,1.1,0.06,0.0,0.7,40.0,0.47,12.0,40.0,180.0,0.0,100.0,16.4,119.0,0.0,0.0,0.0,19.0,0.2,91.0,19.0,2.0,0.0,75.4,1.0,4.4,0,0,0,ماست.میوه
Kashk,0.0,288.0,0.0,0.0,0.0,0.0,0.0,1.9,0.0,0.0,93.6,0.0,0.0,0.0,0.0,0.0,0.0,0.0,0.0,0.0,0.0,0.0,0.0,0.0,0.0,0.0,0.0,3.6,4.7,61.2,3.6,12.6,0.0,0.0,0.0,8.5,120000,900,133,کشک
Tomato Paste,0.0,15.0,0.0,0.0,0.0,0.0,0.0,0.0,0.0,0.0,0.0,0.0,0.0,0.0,0.0,0.0,0.0,0.0,0.0,0.0,0.0,0.0,0.0,0.0,0.0,0.0,0.0,0.0,1.0,90.0,15.0,0.0,0.0,0.0,0.0,0.0,45000,400,125,رب گوجه فرنگی
Ham,0.0,0.0,0.0,0.0,0.0,0.0,0.0,0.0,0.0,0.0,0.0,0.0,0.0,0.0,0.0,0.0,0.0,0.0,0.0,0.0,0.0,0.0,0.0,1.8,0.0,0.0,0.0,1.5,6.0,145.0,0.0,53.0,0.0,0.0,0.0,21.0,1000000,1000,1000,ژامبون
test,0.0,0.0,0.0,0.0,0.0,0.0,0.0,0.0,0.0,0.0,0.0,0.0,0.0,0.0,0.0,0.0,0.0,0.0,0.0,0.0,0.0,0.0,0.0,0.0,0.0,0.0,0.0,0.0,0.0,0.0,0.0,0.0,0.0,0.0,0.0,0.0,10,2,5,تست کنید
Barberry,0.0,17.0,0.0,0.0,0.0,0.0,0.0,0.0,0.0,0.0,0.0,0.0,0.0,0.0,24.0,0.0,0.0,0.0,0.0,0.0,0.0,0.0,0.0,0.5,0.0,0.0,7.4,63.9,3.5,316.0,27.2,0.0,0.0,0.0,0.0,3.6,100000,250,400,زرشک
Pomegranate paste,0.0,0.0,0.0,0.0,0.0,0.0,0.0,0.0,0.0,0.0,0.0,0.0,0.0,0.0,0.0,0.0,0.0,0.0,0.0,0.0,0.0,0.0,0.0,0.0,0.216,0.0,0.0,0.0,0.065,39.074,13.34,0.0,0.0,0.0,0.0,0.0,80000,350,229,رب انار
Rice white long grain unenriched raw,1.35,0.0,6.6,82.0,108.0,0.981,26.5,0.14,0.0,0.214,4.0,0.0,0.0,0.0,0.0,0.058,0.0,0.0,0.065,0.08,0.0,1.43,0.0,0.1,0.0,0.0,0.4,28.0,0.3,130.0,0.1,0.0,0.0,11.2,0.42,7.04,0,0,200,برنج، سفید، دانه بلند، غنی نشده، خام